id,score,label
001f910b-a19c-4c82-adb4-04d07aea5a89,0.0974729241877256,0
00490a9b-9e03-409f-afba-dc1128d007dd,0.0862068965517241,0
005e43a2-6a3d-4237-851f-92d2ccfb060a,0.1789473684210526,1
0098474f-1139-4c30-aa47-22ad3fda4b8f,0.079326923076923,0
00d55fbd-c109-4eb6-989b-605aeaffd981,0.0914285714285714,0
00f75d0a-34f9-4eb5-9419-d422a136022c,0.0833333333333333,0
01019aa8-5e23-422e-8ff9-aafb017c66f7,0.0974729241877256,0
012482cb-26c0-4617-825e-c59d59323890,0.1789473684210526,1
01378b0f-c978-4a50-9787-c6f947abb413,,0
0150186a-1572-405f-94f5-65b93d40573c,0.0914285714285714,0
015ce771-36d8-455d-b989-3443872ff3d1,0.079326923076923,0
01ada5f7-b61a-4992-a231-c0b4edc9902e,0.079326923076923,0
01b588d1-c179-4047-8797-1df4114dbd53,0.0974729241877256,0
01df7c2b-d86f-42f1-ad72-7190250a24d0,0.079326923076923,0
0208be44-bc06-4ac1-867f-803dabdcab43,0.079326923076923,0
022d8177-b699-41c7-b878-028426ef7305,0.25,0
025df738-8408-476c-9d45-f1f77ecef806,0.0862068965517241,0
025ff581-c1b6-4d8e-9638-0460fae7492f,0.079326923076923,0
0274c465-a4a1-44d7-9a1b-0d3b64cff02c,0.079326923076923,0
02a3c24e-fb4b-40d8-9a69-386c3ec01ec7,0.1789473684210526,0
02ad0014-ad3c-412a-852b-cd7336578bba,0.079326923076923,0
02babbe2-196e-4963-8f1b-e1b2a194b2bd,0.0689655172413793,0
02ed0cd0-7d0a-45b3-afac-02ceb5d3c01a,0.0914285714285714,0
03585e63-022d-4df6-a5b9-a193d1ab7c98,,0
038b7ed9-8712-42a8-a11b-8516ef35185f,0.1789473684210526,0
03d86cab-7c09-4140-b4e2-462ad9517316,0.079326923076923,0
03fbaa8a-3c4f-45df-9dfe-2b79b3c3886c,0.1789473684210526,1
04100948-595d-4f37-9254-5defcb8d30bb,0.079326923076923,0
043e2a2f-bef0-4a8d-9247-bdff1675996d,0.0914285714285714,0
04419d70-db67-40c2-9e51-5e0d6c015113,0.140625,0
04457f82-e808-4788-a8b9-7aa4e9ab8e22,0.0914285714285714,0
045ee4ea-c6f5-4a60-84ab-b4d5cb6228f2,0.25,0
04a6d3cc-99cc-49cf-8ce8-302fac4654bf,,0
04d43e64-e9f4-4684-b82f-66b204050298,0.0974729241877256,0
0501a97a-5a42-42be-9d25-bf60e0e37e13,0.079326923076923,0
053cf9cd-262d-4fce-b65d-60ee59d7fc13,0.1789473684210526,0
0554a148-415c-4203-ae26-a2ef6e25e5c2,0.0974729241877256,1
056e18b0-8424-4fac-bece-fe84fc443e89,0.0974729241877256,0
056e9e0a-246c-40ce-9817-48da7677cc02,0.140625,0
057b4a02-7d6e-4aa1-bf64-86cc96aa0836,0.0974729241877256,0
057b67e8-7ce6-4740-acf1-1d96d6ef2284,0.079326923076923,0
059d8b6a-6cf9-48e7-be22-0439c46d2760,0.0232558139534883,0
05bde9d9-ff6f-4dc6-b64d-5e39d2dbd863,0.0914285714285714,0
05cc50b1-07df-4459-bbf1-ec00018062f0,0.0914285714285714,0
05e5f937-e3ed-4b62-9e3e-a3ddb4d11819,0.1224489795918367,0
063dc3c2-af05-4cfc-a106-70acb8d28ee1,,0
0658a35c-63e8-4689-801c-6420b9ba4883,0.0974729241877256,1
06a64613-9cfc-4a95-8615-fcaed9b59d0d,0.0833333333333333,0
06eaae58-f56c-4fc0-9d35-d9ff18dbff7e,,0
071094ea-a1c5-40e7-a500-32d9a7a982e3,0.079326923076923,0
0716946c-0272-42a8-a035-d6150e182586,0.0914285714285714,0
071a34c3-fb15-4067-9244-f6868da8c100,0.079326923076923,0
074553a8-d5e5-455f-915f-da996f40fc42,0.140625,0
0753c029-856f-4c35-a32a-840457fb8250,0.0833333333333333,0
076de50a-21d2-48f2-8818-16c21f4ee31d,0.0833333333333333,0
07e4bcf5-a046-4a7f-a829-1b218ff073e8,0.0476190476190476,0
087fe4d4-d15d-4b0a-b47e-212f9f621783,0.1224489795918367,1
0882d424-fd43-493d-972c-80f9c5cb7290,0.1789473684210526,0
088fa1f7-7765-425b-87b7-7d6aa28ebc44,0.0625,0
08c1fc40-96c1-43a9-a485-4f3c7f9a3dbe,0.0914285714285714,0
08f1cbc7-9a4d-4683-89dc-97a4339ef96e,0.1224489795918367,0
09254b15-0125-45ea-8f39-69577d331eae,0.1224489795918367,0
095491a2-e869-4c48-a64f-3d0c903bf500,0.0862068965517241,0
098c420b-2cbb-4f25-94f5-683cfb836a9d,0.079326923076923,0
098ccf64-4d4f-4555-8991-a794f6a6dd75,0.079326923076923,0
099daacd-b1c1-41e2-92d3-c3336374edcb,0.079326923076923,0
09a79382-b124-4e8d-bdbf-3f53acc33c98,0.25,0
09bf5f2f-58d3-4811-9c25-cce7a3b867f1,0.079326923076923,0
09ef8d7b-f335-4926-8227-7546fa1883c4,0.0914285714285714,0
09f647f2-e63a-4dde-8482-4639cab3f862,0.140625,0
0a0df52e-ec5e-4bb9-94d6-490eb4c99171,0.0914285714285714,1
0a87d96e-c85f-491e-b233-2b28b4333ea8,0.079326923076923,0
0a947d25-9f1a-4061-972b-3e9f68368128,0.0232558139534883,0
0a9503a7-6dd7-4330-93ad-6623e099b6aa,0.079326923076923,0
0ab11391-8376-4833-8f3f-efac44ad3924,0.25,0
0ab1310d-8679-4b56-a17a-2a55f17b0c67,0.0914285714285714,0
0addd932-677e-4992-b7a2-f7bfdf3fc32f,0.0689655172413793,0
0af157fc-8bbe-4543-95a1-ffdd517ad63a,0.079326923076923,0
0b34e60a-c7d2-4dc2-8333-43c34646151d,0.0833333333333333,0
0b514ac9-a16b-4621-832f-ba4d0de038a5,0.0833333333333333,0
0bd01837-4a32-4a3a-a9ba-95a7f8ba0b8f,0.1224489795918367,0
0bdf60ab-9233-46dd-874b-b7a79e148ee4,0.0914285714285714,0
0bdf851c-1fe3-4a76-918a-cfd2937d7b9f,0.079326923076923,0
0bf571e9-e381-4b1a-bca7-24578e7e3724,0.1789473684210526,1
0c3b8607-5069-422e-b72f-a26553638219,0.140625,0
0c73bd44-e307-425c-b7ba-4abf7f8a7a05,0.0974729241877256,0
0cd5d60d-4a6f-400f-842b-d14fa5203018,0.0974729241877256,0
0cf447ff-02ca-4235-bf87-9361a0a1be91,0.0232558139534883,0
0cfb5265-cb78-4b69-b9d8-01f77da41ee7,0.140625,0
0d452f88-5fdb-43b5-b0c0-0aee70c91499,0.0914285714285714,1
0d77f709-2762-4a01-9742-5d3da2d558e7,0.0833333333333333,0
0dac2867-f1ae-4ff5-8d47-a1c5b9edee6a,0.079326923076923,0
0dcc35cf-059e-45a8-a85c-0b9305934c13,0.0974729241877256,0
0de3d423-b486-4771-bfd7-29a434ea6e24,0.0914285714285714,0
0dfbf6b5-d6cd-45c3-bcc6-9da8225d5b37,0.1789473684210526,0
0e1cad69-aded-4ddf-877e-05278a46720d,0.1428571428571428,0
0e35158a-5ac1-40df-8e77-1726b3b929a7,0.0914285714285714,1
0f2fd9e3-70b8-4911-b5d7-4e0daef499c3,0.25,0
0fbf29fb-ebff-44be-a48f-ac49e1dbe43a,0.1789473684210526,0
0fe9fcdf-eb06-4e2c-88d8-04468b427298,0.25,1
1015facd-4b95-4691-9019-624fe020481c,0.079326923076923,0
10316e49-8362-4388-b855-e2f66e44e12c,0.0232558139534883,0
1096a49c-8023-48e4-8629-36aba77b4b25,0.0974729241877256,0
10a2881d-31b7-48ed-937f-f60dd1d026b7,0.0862068965517241,0
10cd4138-ca98-4336-9cbe-31165cba2186,0.140625,0
10e5e2a4-7167-4e74-9168-d3b989acef15,0.0974729241877256,0
111008f1-5f0d-40b4-badf-f094a4c5ec3c,,0
11354f1a-a1d2-4d6e-b1dd-765a5e83e317,0.079326923076923,0
1137ad7d-af06-4f3e-9cfd-b4c47df0c105,0.25,0
113e5cc5-bfd8-4beb-825c-7ab96f8c554d,,0
117f0f6d-f48c-4da5-b107-ec90d7953a8d,0.0914285714285714,0
11877df6-3056-498b-b884-e45496d7c67d,0.0833333333333333,0
11ba191f-a74d-45b2-9a68-b96bec72daff,0.1789473684210526,0
11dbffe1-5c61-498a-b385-b7a47414c0f5,0.0914285714285714,0
120bb066-5a64-4e00-8990-97b389af59ce,0.0476190476190476,0
125b9772-5b74-426b-9594-eab31d0d1c71,0.0974729241877256,0
1276dc85-b94c-46e9-9527-f9a4229f55d1,0.0862068965517241,0
12f92a96-331a-4dc3-9e71-53519cd117c1,0.1789473684210526,1
1342f3fb-7def-4571-906e-285cb4b77044,0.0974729241877256,0
13605857-8313-43be-aeac-55685d4e1446,0.0833333333333333,0
1389e473-757e-469f-97c5-c8f26ed3ef15,0.0914285714285714,0
13e28312-65a1-4e1f-9216-a04b826414f9,0.1224489795918367,0
14b17e46-14f9-4445-9fef-d7724ea569b9,0.25,0
14d1fe0a-8af5-4e0f-bbfd-214bbbb249bc,0.0833333333333333,0
14e07352-e0de-4962-b662-338b68dfa64f,0.0833333333333333,1
14f6ed20-3f0f-4ce9-8e6d-c84cc32c7640,0.0914285714285714,0
150037f4-0dca-47e6-9923-49c361e0e054,0.079326923076923,0
152f7625-7458-4abd-9c05-160894f68946,0.0232558139534883,0
1551a5cb-c839-43fa-969f-c9ab4b6a08b3,0.079326923076923,0
156638da-e7d3-40b7-b306-0644510a32cd,0.0232558139534883,0
15b723fa-299c-4ab8-b91f-df4c3a6104a0,0.0974729241877256,0
15b84c1a-3e12-4fc9-be07-801fc67d7f98,0.25,0
1654955b-05c4-47a0-a9c2-0af309b418f4,0.0974729241877256,0
168eaa51-ee2f-47ac-a37c-6ec4f4904959,0.0974729241877256,0
16b5a930-ca55-4273-87d5-7f9bd1fc8935,0.1224489795918367,1
16dccda7-b408-4414-9a55-f1804d0e35cf,0.0914285714285714,0
16e37e97-d163-4b0a-a7d7-bf476928487a,,0
17177f35-9337-4fd4-b2f2-e388ae4d2084,0.079326923076923,0
17236201-5776-4c0b-a6f0-09c9e28a329b,0.0914285714285714,0
1743bf40-3769-41bc-99ac-81d2e3184c2a,0.0232558139534883,0
17954688-dd11-4c51-9f02-a6dd976357f3,0.079326923076923,0
180a0429-3f97-4c1b-b111-a62d27b52bc4,0.0914285714285714,0
1817e991-2b29-47e3-93d6-2ef12766db61,0.0974729241877256,0
18b3f6c2-da77-4b20-bc26-f2b88ebe498f,0.079326923076923,0
18f41c84-4a6d-4cf9-bef0-c59ed0670a5c,0.0914285714285714,0
19174476-ad25-416f-b03f-3b409edd5558,0.079326923076923,0
1959aee7-cf3e-42bb-8372-e2eefb5ecce2,0.0689655172413793,0
19aed062-d753-47ae-be3a-7ba557597bed,0.0974729241877256,0
19b43968-7383-46f6-8e86-cf0d4d2bad49,0.0914285714285714,0
19deac6e-6286-45eb-999f-318dafb70d43,0.079326923076923,0
1a07f9d3-1c45-4bdd-a7c0-8a7725fb2496,0.079326923076923,0
1a184304-ffbe-4154-9f17-814e1629f0aa,0.0833333333333333,0
1a222bd9-f826-4460-9af6-ca1c6c491500,0.079326923076923,1
1a24793e-5df4-401d-910e-9314fbbeb28d,0.0974729241877256,0
1a2bb442-87d3-4ad8-9639-4c5a5d34c2ab,0.079326923076923,0
1a3a270a-0428-4e57-b49c-afed5d3532bf,0.079326923076923,0
1a43f51a-5c34-4dd3-be89-cd7a25002485,0.140625,0
1a64fcfc-d6ea-425a-be8d-a375ef6a7a01,0.079326923076923,0
1a6e0127-6bed-4d2a-923e-2db0c6b3b69c,0.079326923076923,0
1ab67494-ef4e-43dd-bf8d-211d32a3802e,0.140625,0
1af383a7-3a87-40e7-814a-a82a525386b4,0.079326923076923,0
1b09d8bc-b1ab-452a-9f8e-0488733dd547,0.1789473684210526,0
1b1ad878-c0aa-4ed7-bbb0-e376fed2f6f2,0.1224489795918367,0
1b1b6953-2a82-4187-89ec-38fc7c5b7376,0.0974729241877256,0
1b302cfd-e1ff-45cf-8539-cd4be4d0bc7d,0.0862068965517241,0
1b3fac96-005c-43e7-9811-6460e2a38122,0.079326923076923,0
1b434da7-8f06-4f9a-8e6a-4cf3d0a06464,0.0974729241877256,0
1b679213-7457-4eba-8d0e-72c25447ae7e,0.0833333333333333,0
1b8074a2-9e3b-4605-a991-8d87a2f4f727,0.079326923076923,0
1bbfc7b9-8741-4fe5-8b18-95094984d0ba,0.079326923076923,0
1bc6b19b-3605-44af-a4f4-b1ba252e1e35,0.079326923076923,0
1bcc3f75-769c-4ba3-869e-76f7115b5aa7,0.0914285714285714,0
1c0b7583-7ef9-45c1-a179-e1eb51088ec7,0.0974729241877256,0
1c0d2790-bd0c-41fc-8c3b-a98fa7136128,0.0914285714285714,0
1c17d2e6-aaeb-4bb6-bc84-9ff731b25e7d,0.0974729241877256,0
1c6b8616-9c50-4a38-8620-b7acc0090097,0.0974729241877256,0
1c85cb59-4461-4478-a7be-0f83533de729,0.0974729241877256,0
1cefa210-8362-48ca-8d38-158923cf5d58,0.079326923076923,0
1d059554-c614-4c6c-a54d-4f31da8a4822,0.0974729241877256,0
1dad9509-8b6e-4649-b251-26646ca631dd,,0
1dcf4c10-b5bc-4573-88cf-59317dcebffc,0.079326923076923,0
1ddb6342-8735-4bfe-b561-ea7d9237f1e8,0.0476190476190476,0
1e088ae9-d69a-4f1f-80ce-c0e1a19d99cb,0.0974729241877256,0
1e172832-9669-45a9-970e-428da4d0e1ab,0.0689655172413793,0
1e3843ad-c1a5-4922-9e89-eb7453f4d826,0.25,0
1e8d8d05-814a-4eb2-9c61-f0a7cbc6919c,0.0914285714285714,0
1ecd16f5-ff1d-40f1-bdc3-3fc7b9ecb569,0.0914285714285714,0
1f0ab47b-9b5c-48ba-a881-60a3795c11d7,0.1789473684210526,0
1f23d3c8-2caf-4418-9046-46a3bc4adb85,0.079326923076923,0
1f4b4f87-97f6-4140-ac18-5ec838775755,0.079326923076923,0
1f73a162-56ba-4902-ac13-0efbe9102c5c,0.079326923076923,0
1f7c7d60-f08b-4e4f-9dd7-55ce028eb380,,0
1fa1f177-8e70-4454-a4b3-fe6e0719a373,0.0974729241877256,0
1fe0a2e7-d088-48f7-b230-b68ebebe2ad5,0.0974729241877256,0
20583247-930f-44b7-bc0c-e5207f22e928,0.0833333333333333,0
2063ae46-7414-4beb-a779-bddb1f7f96a5,0.0914285714285714,1
20706cdc-7728-4d97-95ae-92ba27be862c,0.079326923076923,0
21ac7ccf-161f-46bd-9fff-d3d591d965ef,0.0914285714285714,0
227318d4-9436-46cc-9dc6-5ead9c51148f,0.0833333333333333,0
2284e520-f4d1-4843-afbb-c9beb71e637a,0.0974729241877256,0
22b4a5eb-b961-4975-8189-f0f97f5bf7bb,0.0974729241877256,0
22d4ea61-63d1-4d3e-a25d-351fa5ff2a06,0.1789473684210526,0
22e31f4c-1f30-47cf-858c-c088eae792be,0.25,0
22fcd113-afe9-42eb-a20b-95c91e7e52fc,0.0914285714285714,0
230c3202-a60f-47af-a6d9-b8328850b91c,0.0914285714285714,1
239b91d7-8326-4dc8-9a10-50fd3367de3c,0.1428571428571428,1
23e6237a-55c0-40e1-88e4-f1236800e691,0.0974729241877256,0
244e6d03-8db6-4a7f-8d8b-8084abd46a51,0.1428571428571428,0
249a5fbf-d33a-4267-8b28-f6966fa839f4,0.0833333333333333,0
24f61953-ba26-466a-ba39-00d90c3887a5,,0
2545dade-3173-4087-ae46-f4f074fde84e,0.079326923076923,0
254c13bc-a704-420b-a561-063cff98f7df,0.079326923076923,0
25ef02d5-d402-4348-8a32-5dba3352ca47,0.1224489795918367,0
260b65da-d0ef-4463-acdc-6f88f08ca1f4,0.1224489795918367,0
26328e93-9b6a-4e0b-97af-9fd6c7877394,0.079326923076923,0
26335981-5412-40d5-b4eb-624102f60d49,0.079326923076923,0
2687c6c0-576c-4dd9-8477-440ca1c5df9e,0.0974729241877256,0
2690a2a1-f2d6-4730-9c7c-be0fe7da8ba6,0.0232558139534883,0
26a416af-4736-46ba-ba24-3c6594e03e25,0.079326923076923,0
26e17df4-c9de-47bf-bb3d-4ad62a693991,0.079326923076923,0
27096831-ab6a-413b-b9fa-f361a7ca242b,0.1789473684210526,0
2725e573-f587-44bd-a62b-695a707f6be6,0.079326923076923,0
27308a44-9f7f-4ed4-afa3-77391f5c3e49,0.0862068965517241,1
27358c4e-1376-497b-9bea-a146c9596f8d,0.079326923076923,0
27571d10-b7d0-42fe-9cb6-3938aec602d0,0.079326923076923,0
27677faf-5d5e-443c-bd3a-088761c12d70,0.0974729241877256,0
2767d4a5-25e3-47e7-b912-fbc67370ed41,0.1224489795918367,0
27766a5f-be09-4541-8d33-938c6af68a4e,0.079326923076923,0
27877948-5330-4e7c-94cf-89aef9ac0a0d,0.1789473684210526,0
279785fa-0b29-4688-beaa-151cd964b505,0.0625,0
27a32f89-c1e4-4b66-8d65-a1c3d882c518,0.25,0
27b932b0-4bbc-4c4d-93d7-cb0747f0fe43,0.079326923076923,0
27bb111f-2961-44c0-a639-194b9cb30689,0.0862068965517241,0
27d232df-7d2d-4688-a2c7-7f5cbcd11505,0.079326923076923,0
27d659cf-174b-4558-8d95-3591d8f03430,0.0862068965517241,0
2814e93d-11b4-4293-9e38-f4521c790b77,0.1224489795918367,0
283ddf58-9fdb-4fc4-8d9b-9e288e86b013,0.079326923076923,0
288636f1-88b3-474c-adb5-21c922589e86,0.079326923076923,0
289d8ba4-3080-4fa1-b5a3-6255c9c0f5c4,0.1224489795918367,0
28a320e9-1e91-4ed8-9ad8-1ea7f4244d2e,0.0914285714285714,0
28ce2f7f-6292-4111-8065-021afd16c67c,0.0914285714285714,0
28d33a32-8489-4118-860c-06f0879ec73e,0.0974729241877256,0
28ed4e53-ce69-440d-af17-6d9f4e6e1799,0.0625,0
28f98521-dcbc-4dc6-98af-8cc531aeeeb8,0.079326923076923,0
28fcd57c-64f2-4400-bce9-42adcfff8e83,0.079326923076923,0
29101e96-c418-4fe4-9fc6-04f18aff8aac,,0
291618cf-bc2d-4d95-9573-404ef1d985c9,0.0914285714285714,0
293ff8e5-22b0-4990-bbe0-bd188d24b70d,0.1789473684210526,0
298043d1-8b7b-46af-8625-10519660aca4,0.0833333333333333,0
298ad37d-d8d9-4778-9f08-cdebb0e42ff9,0.0914285714285714,0
29b2fdb9-de2c-40d5-9c27-9b860a7c1d32,0.0833333333333333,0
29ce3571-3f4d-4d5f-b272-3bf2c050932c,0.1789473684210526,0
2a25e72d-d2aa-466d-84dc-59a50a05ef5f,,0
2a4051b3-f3b3-4d5a-80b1-5b1a2314e72b,0.1789473684210526,1
2a511576-95d2-43d9-94fb-135fcb34f1b5,0.0974729241877256,0
2a5ce7cf-f060-4086-a2ef-170de6dcac1f,,0
2a8ddca6-8051-4cc1-9dc2-918ae0458df7,0.0689655172413793,0
2ab6de9f-90e1-4025-9013-30d8665f910c,0.0833333333333333,0
2afe504f-4381-49e9-bada-1fbc625c4844,0.0974729241877256,0
2b105808-83f9-44b7-ba7b-681eb6ab77ba,0.079326923076923,0
2b74dbd4-c1cf-4ee1-9f18-27d472558ba6,0.0974729241877256,1
2b92d575-75e6-4fca-8529-15750ed5dea3,0.0914285714285714,0
2b9a476a-cb1c-4682-8921-d0e3f51f3c9f,0.0974729241877256,0
2bae5205-b91d-4aa4-ae1b-fc789ca2c06d,0.25,0
2bc77728-fa70-47a8-bb32-bccd4e8df479,0.0914285714285714,0
2bcd3393-cdf4-46de-8f37-6c1ef197a04a,0.0833333333333333,0
2be5abf1-f9a5-4e14-b8cd-fc21aadc4310,0.079326923076923,1
2c63157f-55ac-453e-a4fc-076a7b19f429,0.0914285714285714,1
2c78e121-e7b4-44ec-8fda-d68c674a10f9,0.0833333333333333,1
2c81a0fc-36aa-457c-8d1b-8eea6edac02a,0.0914285714285714,0
2c86d72c-3742-44a4-91f5-ab7fb21c1956,0.0974729241877256,1
2cb6d426-4983-4eb1-ba97-619a6d115c9f,,0
2cc81ad8-76da-4efb-ba36-29fc3b2e9c91,0.079326923076923,0
2d654854-b2b3-4e78-964e-1a6073a8b295,0.079326923076923,0
2dbeb593-6648-4568-92a5-4b0e9f631553,0.0232558139534883,0
2dbf9842-d9c7-4809-94cd-a765c117b834,0.0914285714285714,0
2de162b9-bf13-487c-9312-d39ea2e2f7cb,0.140625,0
2e0f7fb3-b174-4ffb-a648-9a9ede29183d,0.0914285714285714,0
2e7c8917-2170-4f72-a18f-fb499bb14eb5,0.079326923076923,0
2e8bb0a2-61f0-4cd2-b639-853b667db5bb,0.079326923076923,0
2f057304-3629-485d-9646-c068f09a67e5,0.0914285714285714,0
2f3cdd13-529b-4319-bb04-0a999c89361f,0.1789473684210526,0
2f91bd21-1b3c-41f3-bb2c-c5d6cd5761da,0.0974729241877256,0
2f96a1ce-63c9-4433-a8d9-bb2c1b14ccb0,0.079326923076923,0
2f96bcbc-af98-4c34-9909-21401855b81d,0.140625,0
2fa66aae-0168-47f8-8898-df44238f89db,0.0974729241877256,0
2fb17ab6-3733-437a-9054-a513d412f241,0.079326923076923,0
2fbe5868-eb48-447c-a923-a5a4678e8b8a,,0
300e7db3-5852-4f44-9a67-07e5a3ddc441,0.0914285714285714,0
300f82d1-913f-4b22-be62-e5c2a3bf13eb,0.0833333333333333,0
3048995c-a0bf-4fe4-9f38-a24d07d48cd7,0.0974729241877256,0
3097e49e-ae7b-4ed2-87b5-486e639f9632,0.079326923076923,0
30c7be5f-c734-4b48-99c9-8cbf74412bee,0.140625,0
314f0b36-fa05-4f43-a5b1-5d71e9d9b0dc,0.079326923076923,0
3154a94f-de82-4ebe-865f-8ffb80805117,,0
31627f1f-3e4c-4b3b-8954-ac52f9721740,0.0974729241877256,0
31858555-a4b7-4c11-9bd1-8ef94a1e336f,0.0974729241877256,0
31a6b45c-d6da-4e15-b62e-22c397f1160a,0.1428571428571428,0
31d6bdac-a4df-4bd0-b6d1-2e1344684a01,0.1428571428571428,0
31e69a07-263b-4c1b-8daa-6d7dd13fc4d0,0.25,0
31ef3396-ab9c-4ad0-8825-28cb4912c500,0.25,0
322bd5a4-ac64-43ab-970e-4398f5e52514,0.079326923076923,0
3248576a-b886-43e7-86f3-376f7c680468,0.0914285714285714,0
324b4c4e-8a2c-44f6-ab04-54b0ede5573d,0.079326923076923,0
3265bd71-dff5-4557-b30f-0d9977488fec,0.0974729241877256,0
328a4b36-33ed-45f6-a3a5-3c7ebb67ad3f,0.0914285714285714,0
329e45ca-ae0a-4bd4-8d24-1bb09ae403cc,0.079326923076923,0
32cddd7c-0d67-45f5-9268-85d3f4a72a12,0.0862068965517241,0
32e0c30b-2492-4549-83ae-c191f6a292e3,0.079326923076923,0
32f2559f-57f0-4c90-97a6-9e69843a32f7,0.0862068965517241,0
3302bdce-3d2a-421b-b05b-b27045f370a2,0.0914285714285714,0
33370584-e620-4d3e-9883-5a1a0348e1eb,0.1789473684210526,0
3371ec36-e0ef-494c-98ec-cde9f5869642,,0
338e83ca-576f-4a32-af44-4f5482cf9785,,0
33da55dc-9daa-4e53-8141-e164e927ba52,0.140625,0
343b9f02-c4bb-49b2-a6f8-015310b5ff8f,0.0974729241877256,0
344811e2-c5a3-4d9e-85ba-5e27bf7cbc9e,0.1789473684210526,0
34705720-8d82-44d6-9082-127a7321e062,0.0914285714285714,1
347b0637-ddee-4837-b5bc-12b1511d4ab8,0.1224489795918367,0
34babf3d-8d17-4b6b-8178-7f85c4d682a9,0.0974729241877256,0
34c81a0e-8f5c-4989-bdb3-abcde0e36762,0.1224489795918367,0
3506c2a1-1895-4ebd-9ca8-0d515fa74c9b,0.0914285714285714,0
354d7ce1-d68a-4251-9418-77d5b28041d2,0.0974729241877256,0
354eda11-c5fc-4ce1-85da-4bef323256b7,,0
35ea888f-031e-4781-8d0b-9f356e6db7cd,0.0914285714285714,0
365d49cb-2010-4f61-b2d8-9291150a0152,0.0974729241877256,0
366413ee-0901-4df6-98ae-9d3d19c8948c,0.0914285714285714,1
368138c7-dfbd-42e5-81cc-7ed47f3de066,0.0625,0
3695f59f-4793-4d65-a1b5-abf4e247daab,0.0476190476190476,0
36987b84-1ca6-40fe-8c26-64641f70057e,0.0689655172413793,0
369f2c2a-97d6-4ade-b152-5ff77b93f874,0.1789473684210526,0
370bd516-9e6d-4034-9857-d5c241c43f87,0.0833333333333333,0
37296aad-ac60-49d6-92b0-4b540d32d8ca,0.0914285714285714,0
3739d5d5-eb85-4d84-bf17-b88aa626d738,0.25,0
37969ac6-88b3-4cc5-ac5e-c4b52712833e,0.1224489795918367,0
37a6eb3f-79a0-4da3-83a3-37ae488ee6d9,0.0914285714285714,0
37ab0821-e38b-413f-b24c-d051aa60cdd3,0.079326923076923,0
380e0d69-0341-41f3-9a7e-0485b243c5d3,0.0914285714285714,0
3877e6db-c118-447d-81e4-3ba1b36ebfe2,0.079326923076923,0
38853cee-5d45-4752-9f4c-a1267f39b453,0.0625,0
38e51581-b2a9-4f53-a0ae-d9e9ee0d79f3,0.0974729241877256,0
38ed98d2-5515-4980-bc08-d6d9a6a8fb5d,0.1789473684210526,1
38fcd385-4a1f-4854-b1ad-90f6143cf363,0.079326923076923,0
390e7409-d47d-42ee-ae7e-6277a53afe04,0.079326923076923,0
3961a861-88f0-4d7e-8024-dcd3a4fdf5d8,0.079326923076923,0
39685292-6000-4166-b1ba-1b7dbf1456f9,0.0914285714285714,0
39c6c391-4ad6-41a8-96f3-f121daf41638,0.0689655172413793,0
39d381aa-f55a-461f-9465-bb6fd45b596c,0.079326923076923,0
3a148595-6e8f-4143-b1c4-5d469f3dbf69,0.0974729241877256,0
3a1bd068-0541-4e07-9b83-fd54e7d3042d,0.079326923076923,0
3a8e37a9-0d5f-4285-a461-1bb7369ebf55,0.079326923076923,0
3af172cc-db9f-444e-91de-80e9238c32dc,0.0862068965517241,0
3b5e3020-afa6-48f9-a94b-7fdb799a642c,0.1224489795918367,0
3b707caf-d4f8-4f9e-87dc-49e291e88d49,0.0974729241877256,0
3bad7237-e507-4ea6-80b2-6fe6b6dbf5f7,0.0974729241877256,0
3bfebebc-4245-47e3-9439-de367f7e0aae,0.140625,0
3c05fbad-1366-4e71-831b-8ab9e7487317,0.0974729241877256,0
3c3b8925-ebf7-40fc-8efc-876e5c8f2d39,0.0914285714285714,0
3cc402c4-b79c-4e8b-9e3a-99d33992d49c,0.0914285714285714,1
3ce158fe-f135-40b2-aaf5-ee9e7fe99c82,0.1789473684210526,1
3cecc00f-2a97-4589-8a76-0ea248c66bc0,0.0862068965517241,0
3d30bf27-0000-4d94-a5bb-79dc15a1ac0b,0.079326923076923,0
3d96f53a-660b-4db4-815f-8dc097a02fe9,0.0974729241877256,0
3dc4567b-fb28-47b6-b660-b0a35ab4fe38,0.0974729241877256,0
3dd365ba-48bb-4494-b8d9-8f40257b3ded,0.0833333333333333,0
3e16d4e6-9d1d-4c52-993f-d60724f65745,0.0833333333333333,0
3e331670-b4c6-4cf7-9247-7f228e8ce392,0.140625,0
3e3b154c-9247-4454-a55e-41c83e831ca5,0.0974729241877256,0
3ef4620e-cd8a-41bb-87e0-e6813b5097cb,0.079326923076923,0
3f2fda05-6f7c-4c2d-8f86-434de1ac20b9,0.079326923076923,0
3f417b36-3271-4dce-a4d3-d891f1328bb5,0.079326923076923,0
3f565401-577f-4808-a1b9-805bcc9542d7,0.079326923076923,0
3fac11b0-924f-4a71-90a4-49f7f499216e,0.140625,0
3ff7a96a-4c4e-4e3d-bbec-87c5b34617b0,0.0974729241877256,0
4000a774-4936-4fbd-bc54-68d6702d05fc,0.0914285714285714,0
4017bd6f-4a01-40fd-b0de-9645ab2a011f,,0
40c13867-fd16-48d5-96a0-20e5c12bd31d,0.1428571428571428,0
40d553ae-c6b9-4626-9cf2-5c5dd3036bcd,0.079326923076923,0
40da2930-87b7-44bd-8bd7-af370aa28e31,0.1789473684210526,0
40e96864-7195-49c2-991f-4c92fb237321,0.0974729241877256,1
4128cfca-3898-41ad-b949-979bc1bb3fee,0.0974729241877256,0
414ac757-1353-492d-8252-17a829cf143e,0.0862068965517241,0
415de145-98ba-473b-82cb-74b32dd03953,0.0862068965517241,0
41bea5c3-3814-4c0e-bbdf-611979186275,0.079326923076923,0
41d9d2b8-162d-42e7-bf0a-899dfed9f701,0.079326923076923,0
41f7c9fc-2f8b-4bb9-8869-dcbe55325ae6,0.079326923076923,0
42081502-3ad7-4052-87dc-195561c786aa,0.0862068965517241,0
420f6542-517c-4017-8d53-6638e712601a,,0
4221e2b3-b6a0-444f-8f05-479d7dda45a0,0.0974729241877256,1
422e2dc0-ce36-4450-bef1-b312af79627e,0.1428571428571428,0
428af37d-30cc-4219-9b56-c024eeb22d15,0.0689655172413793,0
42ca4c79-1007-42c2-846a-73f11c66f320,0.0974729241877256,0
42dfaf33-2f81-4501-91ad-f66684f4caee,0.079326923076923,0
42f10dff-f43c-4235-95d0-2119062ae6c3,,0
43781b12-a014-498c-a689-ab457e7258cf,0.0974729241877256,0
43c851cf-34f1-4959-9644-863a5cf9aa36,0.0833333333333333,0
43f36974-b2c7-4e44-a80d-fe3aa38e4dab,0.079326923076923,0
440ef6ca-a6a6-4529-9b01-ea48765c3683,,0
449e8de7-40d8-4e33-a365-523da9f6db57,0.0914285714285714,0
44a7d7c3-6618-4757-a592-a9d7e26c94bd,0.0476190476190476,0
44eb1067-5660-48d5-9234-b0582d496392,0.079326923076923,0
44faed80-55c1-4782-97ac-70a816b36250,0.0974729241877256,0
453b78e7-e941-4dad-842c-1fa00ebbeaac,0.25,0
45a03d0e-fcfa-41d9-bd85-0c19367548dd,0.0914285714285714,0
465603ba-2479-4b85-8e5a-718bad0182b2,0.1789473684210526,0
465d9ad2-5e59-4cd2-9490-e55d98ef7982,0.0689655172413793,0
46c9e954-9a87-4a0f-8780-18bacb8fc62f,0.1224489795918367,0
46d4df05-aa23-43eb-aff2-3a15789be8a0,0.079326923076923,0
46f7536d-0104-4cbe-94a6-8dde747f7989,0.079326923076923,0
4707b00a-7372-4406-8c49-10f19f43f3d7,0.0914285714285714,0
475cd5c1-f270-40d0-b015-e656139258f5,0.079326923076923,0
475f6c8b-5e7d-4928-9fc3-ba0b491a9b47,,0
476ab9d0-456b-4824-bd2b-76a6fd30aa4a,0.25,1
477937a4-4d0e-48d8-9ad1-fd1198cf0b5f,0.0974729241877256,0
478341ee-364a-4fc0-8ff9-b76a5f8be050,0.079326923076923,0
4794dda7-83ce-47e8-a03f-9d673a574a9e,0.0974729241877256,0
47ba0342-f2e6-47fe-bd5a-4d5e011aad8f,0.0914285714285714,0
47d2844e-a012-40f6-9ac0-57416cd66b2e,0.0833333333333333,0
47d6f8c6-e1f0-4f96-85fc-702504cf1cdc,0.0974729241877256,0
489d03ed-32b5-4f03-a71f-41cb730a65d3,0.0833333333333333,0
48c2c7d8-6df3-4390-893c-909f8889cafa,0.25,0
48c573b4-6ab2-42d6-bd77-3da5f5fb9be2,0.25,0
48ddf677-2808-4611-bfc0-e5561c0bd3e8,0.0914285714285714,0
49237b1e-6c96-4013-b8bb-feb1aaf10420,0.0625,0
4962a449-8038-473d-bacf-529acf41e12c,0.0974729241877256,0
4975adc6-7ccc-428d-b016-eed464f158be,0.0974729241877256,0
49cecac0-2b1d-4b23-9dce-d5f7912714a7,0.1224489795918367,0
4a2fe4dc-aba8-46ef-be9d-6e77024bee75,0.25,0
4a40598b-374c-4712-9b25-ae892d2cf2de,0.140625,0
4a682ca7-31da-467a-9f1d-9a0aecae0fc0,0.0974729241877256,1
4a9c3345-5bc7-4eb1-899f-52ccb2d5ff4e,0.140625,0
4ab0e113-e0f9-4e67-a4ff-685902e42e14,0.1789473684210526,1
4ab96ba1-b6ba-4c36-b5a6-83df7234e635,,0
4ac7398b-163d-4cf5-ac97-5c582425c254,,0
4b515077-7075-426f-a2da-e332a79a0830,0.0833333333333333,0
4b5dfbe9-b45a-4b08-a519-2a668d28f32d,0.1789473684210526,0
4b913f4a-2e01-453a-8bac-07ddd8a06898,0.079326923076923,0
4c0dfa54-e8e9-46ae-87c9-14c32a16b24f,0.0833333333333333,0
4c0fd7e6-5970-417f-8986-025c0042e043,0.079326923076923,0
4c4d28e7-937e-4fcd-80b9-16af99774d44,0.079326923076923,1
4c665b83-438b-4c28-bbf9-959c93b43c2f,0.079326923076923,0
4c765c53-0fff-4995-b837-d714429d5856,0.25,0
4cb41c1c-aff1-4970-bc46-ca29606a9091,0.079326923076923,1
4ce6b7cd-4b45-4ba4-a153-6da3f435a883,0.0914285714285714,0
4cee3c76-cba2-4e7e-8711-b67fdad82d26,0.0974729241877256,0
4d001ecd-acd5-414d-8a71-d338e1366426,0.079326923076923,0
4d1ba732-6cbd-44ea-bc8b-1e1728b4f727,0.0974729241877256,0
4d3e61fd-3626-4f64-8e6c-a37a52226a66,0.1224489795918367,0
4d89379f-b9c2-4fde-a2ff-b6592d58bb3d,0.1789473684210526,0
4d9e8884-350a-42ad-9c38-50fb86c38721,0.079326923076923,0
4dc06f1a-a809-43eb-9a22-15ecb5d76c75,,0
4e11c013-8ffa-44f8-be3c-f6c3801876b1,0.0914285714285714,0
4e14ecec-57c1-4c8c-bfa0-b2ca0ada6053,0.079326923076923,0
4e28764d-c9ad-4629-ba88-8045b2537d5a,0.0833333333333333,0
4e78d656-b5d3-4a9d-8af2-4903705aaf7f,0.079326923076923,0
4e84609f-deb7-4a05-8bfc-c9345e433494,0.079326923076923,1
4eb113ff-ccfa-419e-be26-992c9584b53f,0.1224489795918367,0
4f32e6a6-7b81-450c-bc5c-223d70fd4020,0.079326923076923,0
4f349b34-d54f-410e-a04b-72a9ffff9166,0.0974729241877256,0
4f3e8271-854f-4208-b70e-11d86def1f77,0.0833333333333333,0
4f4a4fab-8df4-44fa-a7e8-d2714d53879c,0.0833333333333333,0
4f5620d4-9db8-4cfc-a1f5-2fd917472865,0.1224489795918367,1
4f776f87-4ea8-4471-b7f5-476b51f205b7,0.079326923076923,0
4f95be87-e566-4d4c-af67-012f61c5952c,0.0974729241877256,0
4f996fe5-1f8d-46a2-b3c9-2b8b16ebd3bb,0.079326923076923,0
4f9a1441-e14d-4306-9d54-c13ceb19ebd6,0.0476190476190476,0
4fa73c96-3e04-486b-b32c-9ece8139511b,0.079326923076923,0
4fb9d9f7-33f6-4e35-885e-98b20fbc48d7,0.1789473684210526,0
4ff6aed8-04f8-4cce-9c2b-4df9f9f79393,,0
502a9b01-93a0-4d23-af4e-441b7a1946f3,0.079326923076923,0
503b807d-5d73-4912-b1e0-de9c0a173b4c,0.1224489795918367,0
507142fe-1ff7-4d02-a327-166b5f563e5d,0.0833333333333333,0
509b5a48-83b6-431b-9a66-d2be5cd43126,0.079326923076923,0
50c41a8f-aae9-4386-af77-2f16c6a1fa3a,0.079326923076923,0
50c85f47-b64e-45af-aee0-f3d3341a0eda,0.0974729241877256,0
50cbbf91-accc-4fb2-a6d8-102fb87ca1b2,0.0914285714285714,0
50d0cbc9-f68a-4ce7-8921-9c68f43c983f,0.079326923076923,0
50d4d7f8-1095-49ab-bae2-92fb0015e8e4,0.0914285714285714,0
50e3ab5f-3368-40f0-800f-b424865831cd,0.140625,0
51202b21-1901-4b22-b2de-9ce2927ae1fe,0.0833333333333333,0
51359c2a-f9f9-4c91-bb28-320f6babde36,0.079326923076923,0
51828e0c-2ffc-48fb-905b-8757c9dd558e,0.0833333333333333,0
51842b14-3ee1-4dbb-a694-edb628bba8e7,0.079326923076923,0
52280ffe-46b7-4936-ba0a-712c446d3c94,0.0914285714285714,1
522bd08f-61dd-414b-9dcb-243ba238309b,0.1224489795918367,0
52422c41-3785-4028-8d65-9546c7a94dc0,0.079326923076923,0
525147b9-7ec0-43d2-99b2-3633b93f1b9e,0.1224489795918367,0
526aa25e-cc8e-47e6-b722-ec4383df5ee2,0.0974729241877256,0
52880f3b-f463-4e57-a634-41c09adcb538,0.25,0
52e7f05d-568a-4a10-9d40-d0d3125852b7,0.079326923076923,0
53156151-9723-408f-bdc9-4105ca9d0eb4,0.1428571428571428,0
5316b08c-25d0-4c6f-b5dd-a3e11be8796f,0.0974729241877256,1
53239447-1384-4cc7-9daa-26be57e7f2e5,0.0974729241877256,0
5359c3a8-3b2a-4cdb-8c1b-d31eaf517a7c,0.0914285714285714,0
535a6825-92be-40bb-a351-6c36f0cd4bec,0.0914285714285714,0
53880c30-1e85-4310-a2cd-503ddebc401d,0.0833333333333333,0
53a08a01-1307-40c6-ad55-3b1e77ed3373,0.0232558139534883,0
53a1827b-bcba-4c64-858e-14ba318db381,0.079326923076923,0
540a90d6-e009-45cc-8c25-94ed92f527bc,,0
5414e64b-2cc9-4226-93a3-97b66dbce591,0.079326923076923,0
54530dc0-5742-44ae-8a4d-323b35248d3b,0.0974729241877256,0
54556ef4-afce-440a-b5c9-b2e58ca8ddea,0.0914285714285714,0
545cb57e-6202-491f-9064-b649e84dd74c,0.079326923076923,1
54b38e2e-c732-40d6-a3e3-4f24685d755c,0.0914285714285714,0
54ebc958-7d00-4153-8c45-72a798092576,,0
5541c008-25a6-4553-a044-d63bbb5c6e27,0.0914285714285714,0
557ea132-5751-45b6-8b44-71950cc3de33,0.1789473684210526,0
55b13c2c-28db-4ce6-acea-1fae6e95d7aa,0.0833333333333333,1
55be41e5-8a54-4716-95d5-ec94a056c65e,0.0914285714285714,0
55c0b454-dfed-444e-87a2-2965c72032e6,,0
55d4ec71-f984-4210-a7dc-13a8f72fe278,0.0974729241877256,0
55fe842e-63eb-44ab-a619-dbc1a8a43063,0.140625,0
56269eb7-da09-4a8b-aca0-1ec3c8e4126a,0.0974729241877256,0
562a30d3-348f-450d-bcae-cb377dfa3d1d,0.1224489795918367,0
56588347-b8f5-499d-b589-27b2059c4c8c,0.0914285714285714,1
5664e33b-83b7-447d-a0aa-7498fd4fed5d,0.079326923076923,0
566c49d2-7e73-47ca-b3a9-6ee7d8ff58e7,0.0914285714285714,0
5670d9cf-bbe0-463e-898d-aad660f75cac,0.0974729241877256,1
5671e99a-e9b2-42e8-890a-6c4135dce23c,0.0974729241877256,0
5687e4b7-95e3-4bbb-96c4-7cf087e03559,0.0862068965517241,0
56d4ece9-dd28-41e0-b8d7-6c3ba5016bf8,0.0914285714285714,0
56ee7650-cf17-4dc2-8fd7-0746ce9fcf2a,0.0974729241877256,0
56f3101a-c3c5-46b0-89d7-23e78da12dc3,0.079326923076923,0
5775d596-fe36-45b5-b811-3169d96110bf,0.0974729241877256,0
5792e1b2-570d-439c-b8bd-370c97c0eebb,0.1789473684210526,0
57e0c311-e4ff-4dea-9909-27fb1705fd79,0.0974729241877256,0
57fd809c-eb72-4d3f-a48d-e8a533e93483,0.0914285714285714,0
58754aa9-4985-4e45-9393-b45cd817edb0,0.0862068965517241,0
587a1be4-dc15-462e-9ac0-b16d29fbb484,0.0974729241877256,0
58be6072-ce93-4b4a-a89d-5f7dc2aae346,0.079326923076923,0
58c6d7e2-fbaf-4245-80ed-adf31ae79ea0,0.0833333333333333,0
58e198d1-872c-4981-a9cc-a74ed6317f55,0.079326923076923,1
59030bdc-ce68-48e0-b61c-b45246cef715,0.0974729241877256,0
59065805-d4dc-4524-bd50-23ae95f4d3ef,0.0833333333333333,1
59178fb9-cd69-4cd8-85f7-3f77aa6530d5,0.1224489795918367,0
59305ec2-537a-4c68-845b-25333d9173ca,0.079326923076923,0
59572cd0-fc7e-4171-b9ab-95cc610beb98,0.0232558139534883,0
596e2570-c457-427d-a0f3-c46199d2bb73,0.0974729241877256,0
597769fc-eeb9-4f5a-9259-2cc5410a7162,0.079326923076923,0
59853398-3513-452e-ab56-b171577d0059,0.079326923076923,0
59bc5a78-ea38-43da-bf77-063029849b01,0.0689655172413793,0
59e0a26c-c7f0-49e1-92df-404035713822,0.0974729241877256,0
59e0d41e-58e6-4fed-9b22-c6bcb9d887fd,0.0833333333333333,0
59f7fa7f-7c45-4349-a5b6-6bd9225ef0b7,,0
5a0a2d7e-7e2d-45fd-97a0-142898b44560,0.0974729241877256,0
5a374572-5357-4f64-a083-86ed24ed4ed9,0.0625,0
5a39433d-473c-4f4a-8534-2113cd433e75,0.1789473684210526,0
5a58a88f-0781-438b-b447-23bc9132a9cc,0.0833333333333333,0
5a6c2b82-cd8a-474d-9a69-9cf2bbc3d717,0.0833333333333333,0
5a7e1431-7670-4c2c-a899-72b4accd2ff1,0.25,0
5a8a242c-816b-4c4f-8752-e7ecc961cb2d,0.0833333333333333,1
5a9ae3e0-198f-48a0-9156-6282139fca02,0.0914285714285714,0
5ac8948b-93c4-4116-a21e-11cf6c52093a,0.079326923076923,0
5ae51522-8831-490e-aa55-1c254542c393,0.0232558139534883,0
5b11a762-c72b-4b51-a04d-3b418466fc01,0.0974729241877256,0
5b1e5a51-6365-47da-b477-7a9ce74c270f,0.079326923076923,0
5b33fa09-22bb-4396-8dba-9026310534cd,0.0833333333333333,0
5b3a7ff0-fb15-4e0a-b630-2339f0da7433,0.1224489795918367,0
5b3b893c-66ff-41b6-aea7-2ea3ca84fb9b,0.0833333333333333,0
5b590444-cc7d-4de7-bda2-cf165613dcf1,0.079326923076923,0
5b5be867-fa14-4f9d-a392-7a3693b924e5,0.0914285714285714,0
5b73c606-eb7b-4099-b8a9-ecbdb165f89f,0.0914285714285714,0
5b85921b-f113-4f3c-9b07-1fbfb77b0982,0.0833333333333333,0
5bdae040-47cc-408e-bc76-3eb1f680669f,0.0833333333333333,0
5beeb5f4-a962-4eb3-a321-390f872a24de,0.1224489795918367,0
5c265740-b624-49de-87ee-bf21cef68250,0.25,0
5c8dbdd0-5955-4647-be63-d90786fc37b4,0.1224489795918367,0
5cce260f-2d45-49cf-b16c-e328865104ad,0.1789473684210526,0
5cf8f29c-2ff1-496b-875c-911a956bcc13,0.1224489795918367,1
5cfe8483-feb4-4467-9773-650a43e85e87,0.1224489795918367,0
5d2b6274-0c0d-4f1e-950d-def795ebcc94,0.079326923076923,0
5d90e8ac-69cc-464f-81ea-a0aea4f24030,0.0974729241877256,0
5d95e4bc-52e1-41ae-993b-83189eaaa1ed,0.0914285714285714,0
5dadd66f-d922-4299-ac74-968d56ebf401,,0
5e3f813c-9a4b-4223-b558-6958933c6b1b,0.0974729241877256,0
5e45095a-5edb-4fa2-b302-f5a963970498,0.0974729241877256,0
5ea31ea7-7fe3-4aca-8eb8-265b53cccdfd,,0
5f00b762-6035-4b84-b853-006225aae179,0.0833333333333333,0
5f0e18b2-6071-4a47-ad8d-acba03d563c6,,0
5f56dd13-34f0-41a1-8165-879b77af47ce,0.0914285714285714,0
5fc4862a-b102-4347-81fa-28060d9a9e20,0.1224489795918367,0
5ffd5ea5-e625-41d1-a65d-4d3d1b02fb1c,0.0689655172413793,0
60705fce-fa68-4db4-9e7f-4ab1f6e60081,0.079326923076923,0
60a79a0f-54b7-4e0a-a97c-084bb8058816,,0
60dda59d-18e4-44a6-a5f5-c128be76feea,0.0974729241877256,0
614c48bb-6b1a-49da-907c-e1327346a066,0.079326923076923,0
6163cfda-3399-4e5e-b296-723d7639879a,0.25,0
619cad5a-719c-4b00-8d9b-77ddcb1700d9,0.0914285714285714,0
61befd1d-03bd-4e69-8869-f640a77ee099,0.0914285714285714,0
61c9794f-9cdf-4689-b6ed-ff1ba2228da5,0.0974729241877256,0
6203293b-46b1-4e42-a40f-6394ae2df708,0.0914285714285714,1
623c244d-1cab-4d30-a4aa-5e59572da0cf,0.0974729241877256,0
623c3cfc-417c-4ad7-aa6c-e6c8def9c239,0.140625,0
62460ade-1446-410e-bd8d-c12f7491dbb9,0.1789473684210526,0
625864db-2ba1-471a-92a7-642e360b9b4e,,0
62b28e1b-5cec-483d-a884-43988647aa97,0.25,0
6335a97c-7d24-446a-993a-4eafccf870c7,0.0833333333333333,0
639c9cde-ba79-446f-aa44-00ded129acf2,,0
63f9e66a-adf0-42c2-bbf7-c474c214c705,0.079326923076923,0
640b2286-24d5-4a1f-9eca-304dbe2fba0c,0.1789473684210526,0
6489d5a1-36e4-4ba9-80b0-02d9604e145f,0.0833333333333333,0
64b6d53b-cc9b-4d75-9471-6804031d5b34,0.0833333333333333,0
64b9923a-64f7-48c2-aaa6-a3686f89410d,,0
654e5a0e-e6de-4e98-827a-213c8138cfa8,,0
6577e64f-29c1-4246-b70b-56a61935dae6,0.079326923076923,0
6592dd5f-4ea1-4c34-ba88-1736fae348d0,0.1224489795918367,0
65b0fce9-597c-46ce-9ba9-db52db4e3284,0.079326923076923,0
65dc212d-bc0f-4e77-ba6c-630ebab1ddee,0.25,0
65e4afab-a17d-4fb1-9a20-2a08ffb04719,,0
65e5f89a-fab0-4bfd-b02b-808edceb47f2,0.0914285714285714,0
6600af05-b0e2-4e11-a3d4-e9b233746e84,0.079326923076923,1
661cf529-9625-4e3b-8318-eadae4549ff1,0.0914285714285714,0
6662fe73-3ef2-4f1e-8650-cb04bb350ded,0.0833333333333333,0
667dbbb6-a8a9-4b9d-99f5-ac59c537d132,0.0914285714285714,1
66988e12-4150-4d90-83e0-b8998c714262,0.25,1
67079be7-1a6e-4629-a157-a068441c74c6,0.0232558139534883,0
67097928-cf21-4b68-aac7-3bc2458e0fc4,0.0914285714285714,0
671fd7e3-f03a-45f0-a252-2ed6d7ddac00,0.079326923076923,1
676915c8-5126-487e-b700-2170cee579f0,0.079326923076923,1
679acb06-d5d6-471f-bd8f-b77ef3d31053,0.0833333333333333,0
67c2aecf-8443-4c82-b5ba-9b67b20dc168,0.079326923076923,0
67ecea6c-927c-4bab-8293-b1d33f21e87c,0.0914285714285714,0
686c3d98-0fa3-401f-a30a-a34191e8de16,0.079326923076923,0
688239bf-6b29-4c56-bb6d-f85913a1d28b,0.25,0
68961b60-a448-40e9-ba2c-92dfbbc6dfd4,0.1224489795918367,0
68bac871-baa0-466d-9184-afa2428f5ea4,0.0974729241877256,0
6921a362-1704-4794-876d-bc0f0dd615aa,0.140625,0
69ab1dfc-b99e-42bd-9e21-3d6c9d48b7d4,0.0974729241877256,0
69cd6907-29bd-4c18-8b18-cd792deede27,0.0833333333333333,0
69f5df6d-d878-42c3-a43b-4a30636a2415,0.25,0
6a2076b3-660f-498f-8982-e64ae4ebb214,0.0914285714285714,0
6b2bb5dd-2e15-4a7f-8664-5c0fd2520005,0.0833333333333333,0
6c60884e-5aa0-432b-b201-bbf60894537c,0.0914285714285714,0
6c925728-e768-4245-a65e-31d59cb73e43,0.25,0
6c96ba8c-9390-428e-a87d-80927aa664f6,0.0974729241877256,0
6cc661ea-f2cd-4ade-ad66-a6478ad4d6c8,0.0974729241877256,0
6cde8650-118a-4ae6-934c-d6d1e55663d0,0.0476190476190476,0
6cf2c8cf-a2a5-412a-a4fe-5723ce987d90,0.0914285714285714,1
6d157621-0176-4b79-9036-092de8988bb4,0.1789473684210526,1
6d240e0b-cab8-4e5d-a44b-fe91f019dd07,0.0974729241877256,0
6d286e23-0599-427a-a182-60c353351229,0.079326923076923,0
6d65f0ab-d444-499e-a487-0df5049ec253,0.0833333333333333,0
6d959894-cc0d-4fb9-863d-153653f7d6ad,0.0914285714285714,0
6dfee0d8-e664-47b7-90cb-acba21a4df69,0.079326923076923,0
6e0378cd-25e1-4383-9507-1f77e066a52b,0.0914285714285714,0
6e218b85-8a80-4b85-8d2d-3b09c8d1cc3f,0.0914285714285714,0
6e332942-a651-492d-a0f1-11af6a6bed1e,0.25,0
6e4a8830-37c3-4ce0-902e-bfa1d03a27f9,0.0914285714285714,0
6ef85c61-81c9-42ad-b3b8-cecaaf1df39e,0.079326923076923,0
6ef96dd6-3d57-43c7-a615-934ec24b7ab5,0.079326923076923,0
6f0f4e65-b279-44bd-8c41-a338957d139f,0.079326923076923,0
6f32a0cd-9fb5-4e2f-88e1-d0f47ac91ed6,0.0625,0
6f4541bb-782f-462b-b804-d91d55855d35,0.0833333333333333,0
6f9c5bd4-dbe6-49fb-844b-a8847f2b32dd,0.0914285714285714,0
6faa590e-0914-4816-a0d6-be8a0c0c6f0c,0.079326923076923,0
6fb82227-d308-469e-bad7-efaad623faf9,0.0914285714285714,0
6fe2ef28-1bcd-486d-9dee-dfddaab1303f,0.0914285714285714,0
6fe34f24-b34b-4cf5-b89f-59c3c639bd82,0.0974729241877256,0
703d8fe9-469e-4b39-b776-f2347e994716,0.25,0
706541db-f9ac-4823-9cc9-c4abdde3678c,0.0974729241877256,0
707d21eb-9140-4865-a32f-6f8e17a5b604,0.079326923076923,0
708c78a0-600b-43fc-9e79-eccada20ecd9,0.25,0
709d3a6e-2218-46ca-8568-e56da50b6d20,0.079326923076923,0
70c97032-d7f1-4d60-96f4-fac22e23ac01,0.0974729241877256,0
71042d51-51ca-4070-82af-c595edeb648f,0.079326923076923,0
721ff18e-8528-48d1-87e0-5c8ba65183ff,0.0974729241877256,0
722e0b3d-1da2-45f1-812d-3bd4e104eab4,0.0232558139534883,0
724db6f7-4f11-4a2a-b637-a3a90392b96e,0.0914285714285714,0
7288a809-3c95-4443-92dd-1623526be041,0.0914285714285714,0
7295cfe3-26d3-4f78-83be-356958ffed5a,0.0232558139534883,1
735d23f3-cdf8-4bda-a345-e827afe18865,0.0914285714285714,1
737dd4e7-736b-4f9b-a644-f8ca27d3a73a,0.1428571428571428,0
73a48c26-ebc7-4e7b-a50d-4838ab3566d4,,0
73a559eb-7907-427a-8872-deca2f6301cc,0.1224489795918367,0
73b4a9ee-0cff-4d2e-8ea6-bbe1d9168410,0.0914285714285714,0
73bd51d4-38da-45b7-acf6-b1e11f86eae4,0.0914285714285714,0
73eea6ae-5980-4f05-bd90-fc2fe05fb15a,0.0833333333333333,0
740d9ae2-66a8-4a45-8991-74b18fd22e56,0.0974729241877256,0
74382bdd-3d69-4a63-aa83-480407190d29,,0
746a8ef5-7759-4923-8ece-8161369211ad,0.1789473684210526,0
749e7d2c-6dc2-4bd2-888d-34e5cd6a64ce,0.079326923076923,0
74b6264b-69c2-4fe6-be82-fb320e501bd6,,0
74d37275-223c-4855-8bbb-d29fe9dd4ad9,0.0914285714285714,0
74eeb19a-30fb-4f06-b3f8-8031080d859a,,0
750d719d-9d5c-41a9-8413-b2be066e9bd7,0.0974729241877256,0
753a2b2e-5c74-4393-9cff-6b7e0ebf6350,0.079326923076923,0
75498d57-c691-4cbf-8af3-aa9f9b2d0022,0.0232558139534883,0
75878226-8cb8-4be2-a31f-ec1b8191d1c5,0.0833333333333333,1
7587c950-dd99-4bfa-96a1-0eeb37e0c9fa,0.079326923076923,1
7598d4b0-a7dc-4cff-8000-86d61ae03baf,0.0833333333333333,0
75c223a2-f3a5-4296-a210-bbff6fa06c61,0.079326923076923,0
75da5a0c-910f-44c6-afcd-f8f21cbb6ba7,0.079326923076923,0
76171a54-7b82-4c43-b650-3f99ce803987,0.0974729241877256,1
76186c5a-0d12-4482-acb4-1e72b14e718d,0.079326923076923,0
761b07a2-729f-4468-899d-cee517e9473b,0.0914285714285714,0
7648fe5a-155d-41d9-ab36-b6b0b17cd1e6,0.0914285714285714,0
764a5623-cb6b-481d-bc53-241075e13fa6,0.1789473684210526,0
76bece63-47a5-4e64-aa4d-b698bc4edbc9,0.0833333333333333,0
76e21855-2b6e-4d4b-bad9-89125166568d,0.079326923076923,0
76fcf3ee-ea9e-4a14-9764-6a99a8f41a45,0.0974729241877256,0
7720ad51-7399-4a5c-a59b-e035b6e20f3f,0.079326923076923,0
775de072-ec9a-41cd-90d7-484828b55e96,0.079326923076923,0
77bc2b42-76a5-4d56-a78d-cffcc74dfa73,0.0914285714285714,0
77c44589-0193-41ed-b7c0-bff294fc148c,0.0914285714285714,0
77da4981-1e64-46d8-a323-714c19f42b30,0.0914285714285714,1
782b9052-44ae-41e3-94b8-82a21c877d40,0.0974729241877256,0
783dc227-b7bc-4718-813d-1e91bb6faadd,0.079326923076923,0
786c36d5-6374-4f65-9390-b56ff9d02f4d,0.0862068965517241,0
78b2487a-1f5b-47d0-9423-556915d1e5d9,0.0914285714285714,0
78cfb4cb-5ae5-46a8-b7b0-71196d37d288,0.1224489795918367,0
78f57260-8077-4b58-ba3c-9bb1bfedca43,0.079326923076923,0
79c04302-ab52-4bc7-91f9-f5ed76c278a0,0.0974729241877256,0
79c817b5-6fe3-437f-8e33-557f3c66753f,0.079326923076923,0
79dee5a4-e0f3-4fd2-8290-fdfd0ec6400a,,0
79e7d0cc-80f6-407b-9be8-2b1e5c9d07b3,0.1224489795918367,0
7a0921b8-cc82-4b1c-a1dd-fdd805cee68a,0.079326923076923,0
7a5f026c-bd3a-4bb2-93d8-b67a160594d0,0.140625,0
7a7b222e-6877-4144-9f39-7f354acd269c,0.079326923076923,0
7a7cabc2-f6f3-48a3-ae7a-2bac6466d159,0.0914285714285714,0
7acb5787-1a9b-4ffe-829e-bfc5da5bd012,0.1789473684210526,0
7ad8e1e9-946c-4828-a217-eb4680c4cff8,0.079326923076923,0
7b68365d-2fed-47eb-a624-7c4fccb9b8bc,0.079326923076923,0
7babb925-f1ac-49fc-8e54-43ede3f46aa6,0.1224489795918367,0
7bfc3164-fedb-4e1d-9546-a25095d8b5fe,0.1789473684210526,0
7c141315-929f-449c-83bb-5b18687c7aaf,,0
7c252fa4-eb38-442a-93fa-61141519bf11,0.1789473684210526,0
7c9102ec-b3f5-430c-9625-5f368299c72d,0.079326923076923,0
7c9642d3-b73f-4cbc-99de-a09b18710280,0.079326923076923,1
7ca48bae-ff6a-4fba-af00-2e79b6243cba,0.0974729241877256,0
7ca5b551-1885-450e-a85b-8a661ceaa3c4,0.1224489795918367,0
7cfb5feb-7739-49a0-b1ed-ed048ed6eca9,0.0974729241877256,0
7cfcda4a-ddd7-4a29-9945-5322f53d6a98,0.0914285714285714,0
7d35a8a7-d206-4b62-82a5-e7e4c16a39a6,0.0914285714285714,0
7d4c9f0f-148c-4d6d-921d-79bfec8aff88,0.079326923076923,0
7d5c8886-955c-4540-ab4e-b291577c96fa,0.25,1
7d97e232-8e00-4063-9bdb-07adf6439b31,0.079326923076923,1
7dc83ae0-744a-455e-90c1-c9af5e55f741,0.0833333333333333,0
7de95108-d8cb-48c4-85ec-bbb3d58c13fe,0.0914285714285714,0
7deb0e5d-982e-4dc1-a397-8ee3c72d32e8,0.0833333333333333,0
7e415345-9354-4305-a0dd-3729561629d8,0.25,0
7e70e5cd-7086-4d6d-9e38-da821b91d8c1,,0
7ec120a2-ad51-4a73-959a-5f818ede36a8,0.0974729241877256,0
7f624601-757a-48f5-a7e1-1af656c62e21,0.079326923076923,0
7fc10af7-1fef-4c7b-b23c-b74783c1e751,0.079326923076923,0
7fca03b6-6ed1-43c2-8feb-fbb8bae9e712,0.079326923076923,0
7fd002ff-7c03-4ec2-abd5-72d4a968aedf,0.1224489795918367,0
7ffa6915-4992-43dd-843b-ef3c5e256799,0.0689655172413793,1
80133c9a-38de-4f9f-91b3-6f1e74ab5210,0.0833333333333333,0
8033c95c-9a51-4c29-8e16-db1187e5bbe2,0.0914285714285714,0
805dbb1e-529d-4f40-a9f0-091debbb025f,0.1789473684210526,0
80872a7d-47bb-4287-969d-ca8973e9ffb3,0.0833333333333333,0
80a23f16-9ae1-41fc-9b7e-b853c41cb1f0,0.0914285714285714,0
80dca577-edd4-4bb6-b8d1-4c446d6fa904,0.0974729241877256,0
80e3f4ce-cfe5-4f78-aed2-9ef8d9ea794b,0.079326923076923,0
80ffce05-954e-4094-a342-41f774409727,0.0974729241877256,0
8114beb9-cc96-4339-a475-d6261e935af9,0.0974729241877256,0
811f0a21-c68f-4028-a8d0-bb40b53b1a9e,0.0833333333333333,1
8122a1d7-fe9a-43ea-a20a-590e6721887e,,0
81879b09-d663-4bad-bf8a-ae97fae3cb07,0.0974729241877256,0
81bfe52e-b522-4dc5-a664-809942ce9571,0.0914285714285714,0
81ca30d8-532e-4205-849c-e10bd0b21e42,0.0974729241877256,0
81e1ca63-dc42-4724-b505-e0f2e56c6d5a,,0
81fd2d9d-ce58-4288-b9bf-041f6e48b457,0.079326923076923,0
820d8f7c-4280-4489-8047-e77b9b7fb01c,0.1789473684210526,0
824c4ba0-5f38-4985-8109-088ae1749f97,0.0914285714285714,0
82771df0-6ce4-46af-80af-d30bcdb8c948,,0
829d50b8-03cb-46ba-bbfa-f55e2bd27863,0.0232558139534883,0
82c08af6-1611-4c5a-9ee3-7b92369902c3,0.0914285714285714,0
833ab3e8-63fd-4e13-a6b8-318e9a9438fc,0.0833333333333333,0
834ab8db-9c20-4336-9b40-914174f831c7,0.0974729241877256,0
84987abf-63e0-4236-9968-b7b039f740f0,0.1428571428571428,0
850e657a-679b-454f-ad43-c7940677f268,0.0974729241877256,0
85256c06-6fc0-4356-8830-3ab1e82a4939,0.0914285714285714,0
8532cf93-2bb4-442c-8f4d-20e16e0dcbe4,0.1789473684210526,0
857dcd1d-0e64-4664-b501-d95095b3238f,0.079326923076923,0
8588d241-9256-4f0b-bb0c-a0e7310010cf,0.0914285714285714,0
85916ef8-6b1d-42e8-bf8b-8354c35920b4,0.0833333333333333,0
859776f1-1aff-4489-8d5e-856022d21e1a,0.0833333333333333,0
85eb5690-268f-4376-9ffc-56a4c79d6e6f,0.079326923076923,1
861e5eec-0431-4233-b52a-ed8cc97155aa,0.0914285714285714,0
86369b08-f32f-408b-9925-807b9860de64,0.0914285714285714,0
8653162d-5bc9-4a9e-bb76-a1a400119c70,0.0833333333333333,0
8689c58f-5948-414b-bcff-59e7f13f7dbc,0.0974729241877256,0
86f6b4d2-4c35-465a-87d0-c34327806154,0.0914285714285714,0
86ff1c5a-d92a-4ee2-808a-9fadd22e9622,0.0833333333333333,0
875a70bb-224a-4feb-84af-dd985538f2a4,0.1224489795918367,0
8776b3e8-a776-4c7a-98f7-2a9bf907156a,0.0974729241877256,0
879dd0e2-98ce-4bb2-933b-1fa176d99f81,0.0914285714285714,0
87a4f953-e351-47ec-8d20-b98fef3a95d6,0.0974729241877256,0
87b21292-8d28-443e-aa80-b6dbf580092b,0.1789473684210526,1
87d919e0-413e-4469-8528-cc74f6d71983,0.0974729241877256,0
87dc7a96-dd3a-4748-938f-96ed9d9950ea,0.140625,0
87fa9de7-b8cf-47ff-aca4-a12cb5193eb3,0.0974729241877256,0
8857c61a-8981-47af-93c0-9cd6604321d0,0.0833333333333333,1
888805d0-e204-4c55-9da9-cec04f179029,0.25,0
88b1e3be-f2d8-4819-b136-c099070bce95,0.0974729241877256,0
88b5dd74-cdc3-49a3-be49-6d2e5d1491fe,0.1224489795918367,0
88bd320a-44c8-48b7-ab4f-be7e7abd4c57,0.079326923076923,0
88fa20b6-5f1a-4d12-98eb-4828ecfe228b,0.079326923076923,0
8920ac5c-6b62-4556-921c-c0d947602a15,0.1789473684210526,1
8970bad5-6d00-4357-9a21-ae604e2b013a,0.0833333333333333,0
8970d407-a9ac-4b40-b9c9-a166da331356,0.079326923076923,0
89933ec0-f30f-4380-a01d-781e5b0260b5,0.0232558139534883,0
89e8cf38-c0d8-4b14-a09e-521b29d927c1,0.079326923076923,0
8a195592-6bfc-4591-aa79-8f9feb250be5,0.0974729241877256,0
8a53b467-ac0d-49d6-a2ba-df50ed809364,0.0833333333333333,0
8a68c35d-ce7a-4208-a0c4-5c02bed62613,0.0974729241877256,0
8ac438b8-c4be-413f-a4f5-61b170e6e078,0.25,0
8ae84303-afdb-4278-951e-6a3df16f9f24,0.0833333333333333,0
8b19183e-2bf2-405c-93ac-371b0270eb91,0.0914285714285714,0
8b297008-ebac-455a-a3a7-c76555b2b74e,0.079326923076923,0
8b59b8f7-2ff8-4a82-a3b2-92efeae4ab3e,0.0914285714285714,0
8b63c68b-c805-4003-9c9f-6ddab0b7ade8,0.0833333333333333,0
8b75faa2-e33a-462e-92d6-ea981ced3dea,0.1789473684210526,0
8ba60699-f85e-4e31-9b9e-a054b3806368,0.0862068965517241,0
8bbf134a-a0c4-4fbc-9b65-988984613add,0.0833333333333333,0
8bc7735c-8503-49c8-9df6-8666682d9be3,0.0914285714285714,0
8bcb0982-40b6-4b92-8168-c4a9fba45062,0.0974729241877256,0
8c8ca3a0-b7d9-440a-be68-55d59d4e0075,,0
8c8e5e7c-93ce-4344-a923-b2fa66f1eaf4,0.079326923076923,0
8c90ab6c-ca31-485d-9f41-cb79ed2c5187,0.0232558139534883,0
8ca6f15b-53ab-4ed8-b27c-de64f679e82b,0.0914285714285714,0
8cd52812-f1b1-4e43-ba6a-82e8ba4c82b3,0.079326923076923,0
8cd9edcb-1ae3-4376-87e4-bf49a4e10f21,0.1789473684210526,0
8cef3218-ce11-4c72-a977-68d8ff75cbdd,0.1224489795918367,0
8d4eacec-bc2b-46e2-b042-abf477e77b8e,0.0974729241877256,0
8d60e197-ac0c-402b-930b-c0662f630fe7,0.079326923076923,0
8d858c96-c749-4de2-b9b2-ca9f5eb4bd07,0.0476190476190476,0
8def23c0-ded7-4397-9cf5-fe8ce3d84027,0.0689655172413793,0
8e010a0b-9df1-47c4-9219-c4c48461dd7d,0.079326923076923,0
8e28c211-dcc8-4302-a687-9684f06ac6d4,0.079326923076923,1
8e585e11-2b03-4c40-b2f0-31f48b2dac3c,0.0833333333333333,0
8e780964-609a-4bcc-9122-a9d7495a89b6,0.079326923076923,0
8ee5f923-4cee-4d62-b1b3-46d2b1bc2f5b,0.0232558139534883,0
8f1254f9-6c75-453b-920d-8953a682a6f4,0.140625,0
8f25372d-6e7c-4ed1-b8b7-343e89c4c0af,0.0974729241877256,0
8f3962ec-a737-43f8-b8fe-8d53cb92ad04,0.1224489795918367,0
8f443431-64f2-4fa5-a816-3f8e64dc9605,0.0914285714285714,0
8fddd56b-5b0d-4c5b-950b-21cbbce7ab41,0.0974729241877256,0
9011a118-4932-4446-962a-af3c9e480946,0.0833333333333333,0
90203e98-6acd-4a2c-8b94-8f393748b109,0.0914285714285714,0
902815ad-9bd6-4d2e-bfca-58ebf2dddb80,0.0974729241877256,0
90359be8-f169-47c1-abec-68caf737e68a,0.0833333333333333,0
908abe42-7b4a-4377-9f22-9a4fffd0add3,0.0914285714285714,0
913d94e7-a26c-4e85-bdef-af098f72ac15,0.0833333333333333,1
91f730a7-1cb3-4c7a-8c7c-1a26ad8b8f86,0.1789473684210526,0
921e05b1-6226-4bda-bd0a-598707af7e23,0.0974729241877256,0
925ca7f4-82ab-41d9-9025-cf51dc2f7aca,0.0833333333333333,0
92660d31-b489-436c-be6b-42780040dcd1,0.25,0
927bbb7b-1bd2-4a3a-88c8-7c8707f51c8e,0.0833333333333333,0
928500f6-2b2e-4ede-b8fc-e1977fc20c3e,0.0232558139534883,0
92a64b38-4af6-40d7-b2cf-ab817e1b95f7,0.0974729241877256,0
92d9f5a5-7dcb-4c03-b36f-88e737b9889a,0.0689655172413793,0
93311fb8-c058-4393-85b8-5690f735e809,0.0914285714285714,0
93794911-5db6-4617-9929-30f8b311e769,0.0914285714285714,0
9399fd0d-c623-4b67-b013-07403efd3eeb,0.0974729241877256,0
93a1df18-d5d8-4581-bf38-0bf0a133e668,0.1789473684210526,0
93a8bf3d-8f38-42b9-8027-6212eaa70d0a,0.0974729241877256,1
93cbb817-26ce-4b58-88b9-7ac4271c429f,0.0974729241877256,0
93da2490-15f0-471c-8b0c-0fad196737bf,0.079326923076923,0
941c5ff0-07ed-4573-8988-2745192b1738,0.0862068965517241,0
941fd262-c600-4b4e-8fe7-b238d3a32746,0.0914285714285714,0
942c0371-5187-4fd8-a3a7-f723b03a7b1c,0.0914285714285714,0
947b07e1-33d4-444a-ab94-48db8e8f9824,0.1789473684210526,0
94e35777-1f74-4d22-b39e-44e44229c81d,0.079326923076923,0
94fd55df-00ea-4c77-9733-e22af371e9a6,0.140625,1
955e61e3-ee21-407b-b9a8-12c40a206f17,0.0625,0
95a0ea41-a508-478e-9340-2852aba583a4,,0
95ca129b-a4ce-4c84-9d9c-36cc205e9460,0.0914285714285714,0
95d519f3-00f0-43f0-a1ad-4eee1f37e998,0.0974729241877256,1
95d95c6d-f7e5-47f0-a655-f33db26ea6c8,0.0974729241877256,0
95e2b26d-e0af-4f1d-ae5e-49aec26a1e45,0.0974729241877256,0
95ee0b42-6def-4858-aa85-49654d0a4d7f,0.0914285714285714,0
95fb44a1-0f74-480a-b207-0fce648ca9c0,0.079326923076923,0
964bf9ff-2075-4bb6-9de9-b1be3537ebfa,0.0914285714285714,0
96c8c08d-4484-4dab-ac0c-5ad6ce9c6c11,0.079326923076923,0
96d5bef5-9faa-4d46-b2eb-2d535dac5177,0.079326923076923,0
9703a288-5a90-4822-ab7b-df592901bda6,0.0232558139534883,0
970aed62-def7-438b-9dca-a04941fc6f74,0.079326923076923,0
9717146f-927a-4741-830b-fad357433fd6,0.0689655172413793,0
97228aca-cad3-4b4d-ad9e-c06e89e5fc7e,0.0974729241877256,0
974ed406-a3d7-48d0-af1a-61bb6a3014fc,0.1224489795918367,0
9787c4be-710e-4840-95a5-5ad04f2cfec3,0.079326923076923,0
979c1768-9447-4635-86fd-3919cd9ed1d8,0.0914285714285714,0
97b3299e-7a97-45e3-a927-9191822d3e41,0.0974729241877256,0
97e4024e-7799-4c6b-bd04-d3e4ea24d582,0.0833333333333333,0
98209c66-f661-4495-a764-471ee7899879,0.0232558139534883,0
9834f525-7f6a-415b-8906-4d61a7bcad32,0.1789473684210526,0
9838fd43-d768-4e44-9d7b-d2d9fc696ef8,0.079326923076923,0
983bc008-43f7-4b47-8f81-1ba958d6d393,0.0833333333333333,0
986e2ccb-b78c-4d3f-9d2e-e7a4ac39b7a3,0.0974729241877256,1
9883e597-71d2-4e56-bdba-8afce4cba764,,0
98b730ac-8142-4e83-b3f3-8ff89dae91d5,0.079326923076923,0
98da4090-09f5-469a-83b3-ee8ab1738224,0.0862068965517241,0
991b2fce-7890-44f0-bb91-f1eec9b3d504,0.25,0
99278fab-6359-4236-8495-e736cea56bb9,0.0833333333333333,0
9945567a-a34d-48ac-a55a-5e88bd4338d1,0.0862068965517241,0
99afc622-0562-4bfb-bafe-9e9c33021ba1,0.079326923076923,0
99b3b44a-3f62-4a37-8d2c-d1121fc0f8cf,0.079326923076923,0
99b46ff6-0bdb-49f5-8427-94240d026848,,0
9a2d7683-b535-4bd5-ace5-589e1a1bfed5,0.079326923076923,0
9a5c8b38-7ac7-4fba-a35c-0a0a99fb0221,0.079326923076923,0
9a65347b-7f1e-4094-857f-83896c1d2382,0.0974729241877256,0
9a825148-7f17-49e2-9588-e92bac476fd7,0.0974729241877256,0
9a841d8a-1d05-42f5-b81c-ae8f6d983305,,0
9aad96b6-8ada-40c7-9a4b-fd575554c560,0.0833333333333333,0
9b4e3a08-3849-4d25-a4a5-f7e98d00bd3f,0.0974729241877256,0
9b5bc784-3bb6-4e59-8558-1726a16137a6,0.0862068965517241,0
9badbc91-c25e-487c-872b-c5e0903397d5,0.0974729241877256,0
9bb88697-b3dc-4630-a413-ed0671bc2c20,0.0974729241877256,0
9bf956aa-6752-4cdf-97d7-787691662161,0.079326923076923,0
9c0c5a33-f2f8-493f-a11f-ac2367844ba2,0.0974729241877256,0
9c1107eb-c1f9-4f6c-b292-1fc98016a84c,0.079326923076923,0
9c2da82a-2d70-4583-a7b4-cb772663ae12,0.079326923076923,0
9cb01410-e246-4f41-9a7c-ce81964084d9,0.0974729241877256,0
9cb05818-63e8-4b24-8920-740e51f9a5ad,0.0974729241877256,0
9ce43709-2f0e-4777-ac56-9c07ddaea2a9,0.0833333333333333,0
9ce91ae0-caee-4370-ac93-5ed6e352a0a6,,0
9d350351-1169-4453-a888-f9e2567738ef,0.0232558139534883,0
9e31260e-f2fb-483b-ac01-25984fe20dc8,0.0914285714285714,0
9eb7bf1b-10bd-4bd8-a0d0-177ee3306509,0.25,0
9ebbebe3-a3a8-4372-b099-7969b65b8200,0.25,0
9ecb3c36-c1a4-4008-b3a9-67a0e38a2cf8,0.0833333333333333,0
9edbb920-da01-4347-be0f-34df0d3bfb03,0.0974729241877256,0
9ee65136-dce5-40de-9a7c-f1bdedf4ea07,,0
9f266bb1-4a7a-4e3c-abba-328d75de3fb8,0.0914285714285714,0
9f2d59b1-8505-43d6-b183-176babcc3f41,0.079326923076923,0
9f34cf9e-ea4f-49ce-ae94-1c3d2b1d6af6,0.0862068965517241,0
9f441ecd-bf22-47de-827d-50c97c2fabd2,0.0833333333333333,0
9f637340-afdc-47b3-a317-0beba1427e26,0.079326923076923,0
9f679a3f-47db-4240-aa29-a6bbe7721010,0.0232558139534883,0
9f72d0d7-678d-4834-a73f-c08b379dbd1d,0.0974729241877256,0
9f800242-f743-421a-9395-15177edf008d,0.25,1
9fab445a-9d71-4b3c-aafe-b6a41eb1dccf,0.0914285714285714,0
9fafd026-a6bd-4e32-bfd5-936b61b4ae06,0.0974729241877256,0
9fc20b9c-0ac4-4dd4-8358-5833fa9ec901,0.0914285714285714,1
9fdd8417-ab08-4258-9096-c8099470057d,0.0974729241877256,0
a09eee59-4869-46c5-9720-74abfbba59a2,0.1789473684210526,0
a0a5edb5-f8dd-43eb-b51e-c6a69f4840c5,0.079326923076923,0
a0b6ac63-9639-41a0-b3f8-b01dc1bbf372,0.0862068965517241,0
a0b8d8ec-c84a-419d-a716-b975cd6df3d3,0.0914285714285714,0
a1003c1e-6ba4-4040-a9b2-4bf28dabc4bc,0.0862068965517241,0
a127b2c5-d0a0-444d-a57f-6724c3b81e2e,0.0914285714285714,0
a191f120-8852-44a4-abf8-3457f1916ba9,0.0974729241877256,0
a197e614-a5fd-493b-81ad-400df249e94a,0.140625,0
a19d2dde-b016-45ee-b21e-b9212a204bc9,0.0833333333333333,0
a1bc2a62-7f41-41f9-8030-a6c62bdad7a7,0.0232558139534883,0
a1d7fc80-770f-4fdc-a23c-a991ff6467bf,,0
a1ec196b-c3d6-4956-9b64-8a87532c5e3e,0.0833333333333333,0
a1f1a1c8-1cd6-47b1-9051-0da02b254fdc,0.0974729241877256,0
a211ca60-5795-4322-a9bc-ca7bcf82ce8e,0.079326923076923,0
a2359234-033e-4277-914b-892b0832efe6,0.0974729241877256,0
a23e959b-fe73-4ccd-97e5-25fe057745df,0.079326923076923,0
a24255d1-9241-440a-b236-e85ac87e7101,0.0914285714285714,1
a2492240-a446-4ff1-a037-499a2ef7c958,0.0914285714285714,0
a24a4513-959c-4e27-a4fe-a9115eaff7fb,0.0974729241877256,1
a2754b5d-62c9-472f-b2e0-d1b3d6682e4d,0.079326923076923,0
a276cecf-945f-48a4-bb76-e318fb534c66,,0
a29f0203-e672-42e2-a314-e33d82589f59,0.0974729241877256,0
a2e218a0-8648-45ee-bdcf-9f8ce5d960e3,0.0232558139534883,0
a2e9b321-34c1-4539-ab3f-1827bc432c83,0.25,0
a347a39d-e903-45c6-a8f5-dee8dac0e0e7,0.079326923076923,0
a37f6a2c-2db7-47d5-bf18-4af512b62c09,0.1789473684210526,0
a38f1ed3-e63d-4137-9872-952ba0ea1310,0.1789473684210526,0
a3ee5d63-ff60-4ef1-bcfd-91e557f2d9e2,0.0914285714285714,0
a44b28bb-4abb-4792-902b-c46860ca5220,0.0914285714285714,0
a4544036-c99c-4558-aade-db1b709ca417,0.1789473684210526,0
a483184b-988a-418c-beea-f3f4c864d655,0.140625,0
a499ac4d-c4c3-4229-8087-944b2c7fdb76,0.0833333333333333,0
a4b1e75b-3619-482e-b592-2635a41e61bf,0.0625,0
a4dfb605-9216-4553-9d9f-b6cb165a64b1,,0
a4e8a73b-d5f0-4e5b-923d-f74154d536d7,0.079326923076923,0
a52f3606-67f0-4adc-a070-93185e1f2da1,0.0476190476190476,0
a53fdad3-2eef-4818-8bc3-6f5a1453f452,0.0833333333333333,0
a547580f-0b18-40b5-a2d8-0fb27662cf26,0.1224489795918367,0
a5563d23-f745-4145-8f14-3893c9301eda,0.079326923076923,0
a557a6cc-7c74-4935-9f23-fbac298bb8df,0.140625,0
a5b3bd79-10dc-457f-a5de-cf335dbe281e,0.0914285714285714,0
a601f973-ff28-4da2-9c2f-c10b0fa9147d,0.0689655172413793,0
a605dea7-1948-43ca-ae9e-f09bdb2df6fc,0.0914285714285714,0
a6204700-ddb7-4150-91da-50f6dd8cb931,0.0232558139534883,0
a6219fcb-3351-425b-81f9-a329d3a59a0d,0.079326923076923,0
a66811e6-1feb-4c0f-a00f-38c3085de2c1,0.0232558139534883,0
a691fbbf-c6e1-42cc-82f6-49320e04ab2a,0.079326923076923,0
a69f894c-4512-44e6-8d23-f245564b2a89,0.0974729241877256,0
a6a90825-2b01-424d-93eb-d380d9974bc0,0.0476190476190476,0
a6c10e12-1a89-4665-98db-05859436281a,0.0974729241877256,0
a6d19e0d-cb15-4096-a066-6223669266c5,0.1224489795918367,0
a6e399de-389b-4bd2-bd4b-b8b4ffd6c6f2,0.0914285714285714,0
a709e179-1cb2-4e00-a983-99a2ad4da35f,0.0232558139534883,0
a711979e-000a-477d-a964-c846500f3388,0.140625,0
a72af7e4-e640-4891-9fe3-67fe2175afa4,0.0833333333333333,0
a77ee19d-3901-4bf3-9c8a-9885e8f70583,0.1224489795918367,0
a7e5d073-54b5-4250-967e-41ef5dfb5aef,0.0974729241877256,0
a80cf472-4bc2-4e93-83b7-a7e264526b47,0.079326923076923,0
a825fad5-8e17-4f4a-aaea-8321b6f6e565,0.1789473684210526,0
a841eb01-5e8c-4578-86e6-d87e64e036ff,0.079326923076923,0
a8632ee4-4b0b-4a97-b8f0-356393783ea4,0.0914285714285714,0
a9adc29c-3946-4928-b740-276583c8cc71,0.079326923076923,0
a9d6b58b-5982-438e-9c76-dbe2253059e7,0.0625,0
aa0829cc-949b-41f0-a9b5-96536b9300f2,0.0476190476190476,0
aa4ead6c-73cb-4f43-afd9-4dcc4913dd54,0.1789473684210526,1
aa9b315b-48ed-4eff-8845-9073cfd26b6f,0.0974729241877256,0
aaba3c08-68b8-41fd-95bf-e57b361cfc11,0.0974729241877256,0
aad1b699-85c6-433d-bea2-31e557d14d19,0.079326923076923,0
aad3e72f-4aa4-4f3d-9f8f-0b22153127f2,0.0974729241877256,1
ab302a13-d302-4458-927c-6b2f134d2feb,0.0974729241877256,0
ab942384-986e-46e6-8c5e-c1f57ea0148e,0.0974729241877256,1
abadc642-f03c-4f06-8185-98b17bf94beb,0.0974729241877256,0
abbb81a5-234e-4c6e-88e9-f8cf7a53fb54,0.0476190476190476,0
abd02714-cfdb-4da4-a2b5-73db42b54243,0.079326923076923,0
abdc9956-6c87-42f3-9250-6140ac459396,0.079326923076923,0
abe70c40-bc82-4353-b43e-f68769da4409,0.0833333333333333,0
ac077c8e-93c2-45c5-9a06-7a266a52ee3f,0.0914285714285714,1
ac150717-b53d-4939-8bfc-8e824b0b6c59,0.0914285714285714,0
ac2a265d-9cc4-4f7a-95ee-e286a57275c1,0.0974729241877256,1
ac45e661-30d3-4034-b28c-c784a6d6a740,0.25,0
ac510603-6dd2-4e49-9cba-1903b1bc9087,0.0974729241877256,0
ac5ea48d-c53e-4c96-b3a5-527504e60f4f,0.0833333333333333,0
ad00313a-08b7-4e18-bd4a-f1702de451bc,0.1789473684210526,0
ad355d2a-1dbd-4a77-9e12-82c83925fe27,0.0833333333333333,0
ad528901-fb74-4a0e-aed1-f86c9624fc8a,0.0914285714285714,0
ad92bfd4-d3f0-4f39-95fc-8a45498745e3,0.0974729241877256,0
adada657-d271-4ccd-a1d5-5ce5a39cac6b,0.079326923076923,0
adb7a8ec-c5cf-495b-a678-84328c80f58e,0.0476190476190476,0
adb82ef4-b4fe-4649-8098-b027eadba102,0.0974729241877256,0
ade852a1-80ba-4bd7-9118-fca34fb4a059,0.25,0
adf0f16f-3d2f-41a6-80e8-4e992c5b86a5,,0
ae738c92-10f9-4ba9-90c7-294fc5912abd,0.0914285714285714,0
aea56a58-687d-4f07-9e7c-5090c1c5a548,,0
af50a15a-248d-4817-84d0-18c00e76ca60,0.0862068965517241,0
af6b6f2f-aa9c-4ed9-a315-d9d9068cfe23,0.0914285714285714,0
af8256ef-f082-4582-8724-794990ddc3e7,0.0914285714285714,0
af8a574e-3a0a-4749-9d69-c969f8f5e750,0.079326923076923,0
afaf78c1-e298-43f0-adc9-9c9ffd9450af,0.0232558139534883,0
afb53bc5-13bb-4963-aef6-25631caa33e5,0.0974729241877256,0
afd89897-629f-4893-8156-9f1d6d49f736,0.25,1
b0cb14ac-10a9-4c54-abc8-7740a3f9df13,0.0974729241877256,0
b0f3f843-7fc4-4a24-ae75-9740e43298e4,0.079326923076923,1
b0fbd74a-6a23-42d7-b93b-349cd25d3093,0.25,0
b13076af-f039-496f-b543-57307ba545cb,0.079326923076923,0
b1368430-2664-4ce5-a908-175a1e64e96f,0.079326923076923,0
b13a0f29-aa68-4c04-b249-d547e297f122,0.0974729241877256,0
b14be3b0-efcd-4a9f-862f-b462d42d6823,0.079326923076923,0
b1612c18-1b2c-4d7a-8ba7-06f235868bb1,0.0833333333333333,0
b1a26e97-d38d-46aa-b428-27f864d1d2d5,0.140625,0
b1b5e168-55a6-4c73-851b-013d20b23d86,0.0232558139534883,0
b1e72171-444d-4b35-9c9d-8ebb42ee2a07,0.1224489795918367,1
b1f56815-f988-4a39-a00e-e33cb06441f6,0.079326923076923,1
b204422f-117d-4b17-b4cc-41f5c25f04a1,0.0232558139534883,0
b25e67ff-0a31-4707-906a-e29db63a0179,0.079326923076923,0
b2aec5ec-172e-45c0-83bc-c11a1ba98323,0.1224489795918367,0
b2e0a6fb-73f8-4f68-a27c-ec0913e0d008,0.0833333333333333,0
b2f40d8f-1099-4dbf-9e1c-181ac3069554,0.0914285714285714,0
b2f628f9-c210-4fc2-8dac-fd918df4b814,,0
b34500bf-67de-4046-b29c-2a19fc851f78,0.0862068965517241,1
b3857a17-4004-4dfe-8285-fb6258f0721a,0.0914285714285714,0
b3a95fd2-1cb9-4323-ae39-9f1565afc5e5,0.25,0
b3eaa8c4-e1b7-4d8f-8142-e974cb3f6fbd,0.079326923076923,0
b4925efc-f8a9-4377-8c7e-634f2790511f,,0
b4c687f6-8527-4eed-9b59-75305d64553f,0.1224489795918367,0
b4e96db0-fc84-493a-b0d4-60586ac9b898,0.0914285714285714,0
b4ec0c7b-cf5e-4bef-a880-89379f655ead,0.1224489795918367,0
b5018d33-b047-4738-8d6d-b99040cf8318,0.0232558139534883,0
b557d0e4-0ecd-4620-ba1d-54ba24c840e1,0.079326923076923,0
b580a5c2-e0b3-461c-84c6-9d84270d4c86,0.1224489795918367,0
b581b1e9-81c1-4c3c-82b5-b5bc7effd90c,0.1428571428571428,0
b582709e-aeaf-4066-bd66-5fc88f12cb93,0.0914285714285714,0
b59e037b-3ce7-443a-9654-157cd3a5a0f6,0.0914285714285714,0
b5c817cd-1164-43ed-b36a-d7b16c0c7010,0.079326923076923,0
b5d8c7ad-7eca-478c-ae30-459982c7af7f,0.079326923076923,0
b5f6942f-1ff4-43a8-a1cb-d0092c662ac0,0.079326923076923,0
b60161f3-b96c-4daf-8cdb-aa50fd2140cd,0.1428571428571428,0
b614a3c0-662d-4a63-9b5a-3ec991984177,0.0914285714285714,0
b622744c-1f75-4786-b599-d3f3f43ec879,0.079326923076923,0
b64fb6ef-173d-4d3e-9cba-d60ab2c4857e,0.0974729241877256,0
b67e04ca-dfe6-4818-b97f-04456f439ca6,0.079326923076923,0
b6d71c66-54a8-4431-9ac6-aa1ef1ced535,0.079326923076923,0
b707c3ca-9621-450a-a51c-49af282ac36e,0.0862068965517241,0
b71c29bb-9b24-41ab-9df1-4c9c3194e1b2,0.079326923076923,0
b7426ba4-236a-4a96-bc10-659949f0cafd,0.079326923076923,1
b76598e5-dc42-441a-8c9d-3e7c82eb07d5,0.1224489795918367,1
b7c7a59f-164b-478b-a594-242d60cd0bbe,,0
b7ce32ad-3a3b-4fca-bdd5-1030b12a3a3f,0.1789473684210526,0
b7e6b1b5-dfda-49f7-b7cc-ed3ac3c0b272,0.079326923076923,0
b7f73ef9-84d5-4480-9e61-2b26ae279a53,0.1789473684210526,0
b7fd14cb-f433-4067-98c8-3385efcec79e,0.0914285714285714,0
b7fd159d-d0f4-4034-932f-252f2233a9ca,0.079326923076923,0
b81adec6-d66f-4f00-a1d4-f064ffa05b56,0.0974729241877256,1
b858e53f-eecd-45be-947f-cd3033ff92fd,0.1224489795918367,0
b871555d-04af-477e-aa83-a557d6bbc7b7,0.140625,0
b881ef95-5753-4ba7-8c98-f20f83bc26b3,0.0689655172413793,0
b8f3e686-52bf-4fbb-a328-d25236e4724d,0.0914285714285714,0
b99259ba-13b5-4fe6-81b6-293afd40f0e6,0.0974729241877256,0
b9c3cc43-83e7-42f2-bb0b-c0253c78aee1,0.0914285714285714,1
b9e51701-923d-4200-a651-6f8f4861697a,0.079326923076923,0
b9f6ce0d-3307-43d6-aaec-7da892f0417d,0.0862068965517241,0
ba0f8221-9c26-4862-8239-42423ce2c08e,0.0833333333333333,0
ba496250-5331-4501-b682-b52d87208996,0.079326923076923,1
ba4c901a-0a58-4a24-9485-8b655a4a4ca7,0.0974729241877256,0
ba62f315-0627-470a-b8b8-63a18ba69b58,0.0232558139534883,0
baa52db6-ccc9-4a34-96a1-bd4f10bf1d45,0.079326923076923,0
bb0642e3-eefe-4d0f-b871-8f9204cd841a,0.079326923076923,0
bb73beb8-0a4e-441c-b5fb-2e0b3a0e485c,0.1789473684210526,1
bbd87198-e0d7-490a-a5ee-8940fb71600b,0.25,0
bbdf98aa-b8d2-4360-9a68-f7c301f3d97a,0.0914285714285714,0
bc1f0d15-37fe-4833-8f29-d487f4b143ea,0.0862068965517241,0
bc3a43b0-9375-4ce1-a463-026984db7a24,0.0914285714285714,0
bc574305-6729-44ab-92b1-fd49e5e4c08e,0.079326923076923,0
bcd5be3f-571c-48b6-b1a1-0d1af5c07531,0.079326923076923,0
bd32d624-3633-4eee-a689-cc71c812a9a0,0.0974729241877256,0
bd35846a-8d42-4858-8642-64f7a4b004f4,0.0862068965517241,0
bd4f79a5-654a-464c-8b56-0e31920ff4e3,0.0232558139534883,0
bd64e075-b8f5-4910-a2d5-52fac4fd883d,0.079326923076923,0
bd894abc-207b-48f2-a2d5-506102902cae,0.0914285714285714,0
bda33a6a-e392-4884-9d47-267d593c5f25,0.079326923076923,0
bdf042ed-d8b4-4730-bfb5-66f14712f25a,0.0974729241877256,1
bdfeb77f-3535-4ab2-8a69-efaeb7d6665b,0.0232558139534883,0
be13d6df-888b-47e3-aa14-36f3d4c3fe66,0.0974729241877256,1
be353947-b39d-4830-aef0-8c84f9521fb8,0.079326923076923,0
be7e1a63-f345-45cd-a065-8b6f85cd0277,0.0833333333333333,0
be933567-3e39-4008-9e0e-74d8f07dbc0c,0.0833333333333333,0
bf286348-a528-4c75-98d2-932006c9ac3a,0.0914285714285714,0
bf8d3f9a-4a6b-4c48-a0b9-990a83097118,0.0914285714285714,0
bfcdabc3-87a5-410f-85e3-3b8f4d4bbf7d,0.0914285714285714,0
bfe21e64-889e-4f83-adab-4bf19551102d,0.0914285714285714,0
bff94c7d-28f5-4cf6-b38a-eee629d279ed,0.0914285714285714,0
c01ea998-0bb9-4550-a58c-a6dbb6c1e7f8,0.0862068965517241,0
c0216e53-0972-41ad-b2c4-e5fe73a5fc70,0.0914285714285714,0
c07a0056-d864-42d1-aaba-ac51b4771b4c,0.1789473684210526,0
c08148ba-990c-4c39-8f45-3cdfc56025a5,0.0974729241877256,0
c0b24491-55da-4797-8866-a1b58daee5bf,0.0974729241877256,0
c0c3327d-bf6a-4a2d-80a0-c8926b79f956,0.1789473684210526,1
c0e38580-8b44-4553-8025-69a426cfd7ff,0.0974729241877256,0
c1421c38-55f5-4647-947f-9f9ff1e565ec,0.0974729241877256,0
c16bed68-be20-4183-9f54-feaf9ebc539e,0.0625,0
c16f01d8-edd9-43a6-b76c-924fe7c12677,0.0833333333333333,0
c1b8859f-3059-43aa-86d4-73ef883aa10d,0.0862068965517241,0
c1c8f9a4-b011-487f-a0f9-bf1621ae7d2e,0.079326923076923,0
c264fd40-143b-468f-a650-aad39d3ebc64,0.0974729241877256,0
c2662cad-135e-461c-a9cb-47467624a1c5,0.0974729241877256,0
c2822562-85af-47c2-8cc7-f3d91e26e546,0.0914285714285714,0
c28b83b8-9006-4564-8aae-cdfe0dfe24bf,0.079326923076923,0
c294e8a6-f993-409b-907b-7eef9ceee326,0.079326923076923,0
c2d2c7d1-eb16-4270-9ccf-a5dbc34350ef,0.0914285714285714,0
c2d9e26b-1cb4-4aa1-99f5-041a8fc5a7f4,0.0232558139534883,0
c2e4e75a-f82d-4a62-bc76-fa8a043f58d3,0.0914285714285714,0
c36a7c55-ca37-4a8b-b3ac-5741b9eaa4b8,0.0914285714285714,0
c372f2e3-4b9a-4ca8-b43a-20f146fc4972,,0
c3d1c8dd-0d75-499a-9d07-2709ab80d78f,0.079326923076923,0
c3e1173c-8a1d-4d67-a283-7d517f442ef1,0.0974729241877256,0
c3fb9281-4ea6-475f-854f-75b8d3f0d3c9,0.0914285714285714,1
c4341c1a-3da6-4168-97da-363d8a23ec88,0.079326923076923,0
c45cece8-dbe0-414f-b980-06ec6e0b955c,0.0974729241877256,0
c4684609-8185-4a09-8708-923ca30065f0,,0
c4725c98-c8b9-4a87-9e87-335a6c6f43fc,0.1789473684210526,0
c495030a-340c-4528-b8d4-6435fa8dee7e,0.0914285714285714,0
c54ae4b6-7503-4146-b88d-f41af7a99de1,0.079326923076923,0
c56a9100-14c0-47a1-baef-4211bbb1bca8,0.0232558139534883,0
c5721467-a588-499b-8f3b-fe88d1e61ecb,0.25,0
c59bf6dd-552b-4a7a-ba07-710ff0544f69,0.079326923076923,0
c5d3a839-eeaa-458b-b7cb-d80f42f6195c,0.1789473684210526,0
c60f1c4b-9381-4099-8c25-1ac9c8efd9c3,0.079326923076923,0
c62a7cfe-dd4c-424b-b643-d7c478aafea9,0.079326923076923,0
c62f6aa3-acaa-4ca2-a43e-e2febb26fd25,0.0833333333333333,0
c6b7baa4-8146-4bab-8abc-559248998870,0.1224489795918367,0
c6c83df0-87c1-40cc-ada4-b1028a611fe8,0.0914285714285714,0
c6d1d42b-27e4-4ee3-a334-bc5a7fcd97ba,0.0833333333333333,0
c789c67c-a40d-491d-b8ed-9c001112ce79,0.0974729241877256,0
c79beac0-8b69-46f7-93c6-6d649b87a1f7,0.25,0
c7e64c68-f259-4822-beca-f8c2718eb79b,0.079326923076923,0
c80ae730-9cd4-4b71-ab78-10e677d5a659,0.0914285714285714,0
c82775e3-705e-4f9b-a357-73efc71ea95b,0.140625,0
c843eace-4349-40b5-b269-bd66dcebe272,0.0862068965517241,0
c882bd76-b401-4575-81e5-876af958ac83,0.0914285714285714,0
c8ae7290-ffcc-4a69-a02e-1acb91cb1fe0,0.079326923076923,0
c8c8c209-b48b-40ae-b2dc-d1d2d1968277,0.0914285714285714,0
c8dd8891-81da-4b7d-9047-5b5dad0e8195,0.0833333333333333,0
c8e07611-2f7b-490e-9b26-8005d373a62a,0.0625,1
c9029a97-f67f-425c-a278-f3776868956c,0.0833333333333333,0
c9407b63-3572-49d2-954a-468a3e14fb00,0.1224489795918367,0
c965b94b-4af2-4f3d-b319-046f13e81ca1,0.0974729241877256,0
c9c9cfd0-a4fa-4aa0-9d93-1877a64e00d6,0.0914285714285714,0
c9f2ca20-9558-4f02-a3cd-f9040eb75de2,0.1224489795918367,0
ca4744d5-7f3a-480f-93fd-a06380eaffda,0.079326923076923,0
ca6c334c-7a9c-43b0-8735-f8a352527bb6,0.0914285714285714,0
cab24112-9acb-4b29-be23-58e6585b486b,0.0974729241877256,0
cb28524a-0e5d-46e6-8020-a95e6c345b31,,0
cb32fef3-f7d4-4fb8-9e78-f9fd21298cca,0.0833333333333333,0
cb3e0157-3147-4479-b5aa-39f064842ec5,0.25,0
cb44f18a-a4ef-4a73-8b1c-f4c89a5247db,0.0914285714285714,0
cb9487ed-10fd-404f-ac82-1a619bf1498a,0.0232558139534883,0
cbf33211-c4e8-4d95-8ba7-4ffed088d13e,0.079326923076923,0
cc014514-a4bd-4785-9234-7ec0958cf6af,0.0914285714285714,0
cc0a42d3-aef2-406a-9741-89af8abab538,0.079326923076923,0
cc425f3f-18ff-40bc-a38e-95465f11a5d6,,0
cc6f4cf8-d82e-44fd-8b21-06e8b6b3173b,0.0232558139534883,0
cc930ac5-e202-43c3-a11d-96966a2512a3,0.0914285714285714,0
ccc36d82-0e24-4839-b991-1a1666415852,0.25,0
cd21bfa2-1626-4379-9a70-26dfece65c71,0.1224489795918367,0
cd446f45-ac92-4ddc-9a96-03aba5503ca2,0.0974729241877256,0
cd4aaa4f-5b3a-4dcb-9328-c58a15b61608,0.0914285714285714,0
cd75f342-adcd-4df1-ace0-5156ad67b087,,0
cd99fe2c-5c8a-47c8-bfd7-6c2c8746711a,0.079326923076923,0
cdbdcc2d-08fb-47b0-bbb2-e3d1cd909b04,0.0974729241877256,0
ce0471c8-6acb-4ae8-a169-45f991040b7c,0.0974729241877256,0
ce04ac91-26f8-47eb-9e1e-e0022ff2d310,0.25,0
ce54206b-ab9c-402d-8bae-0becd08fc618,0.079326923076923,0
cea41953-6b27-4b65-8c46-58a4bb6514ff,0.0974729241877256,0
cea75bbc-42a6-4192-bb71-e166d950869c,0.25,0
cea8157c-1619-44d3-8180-5e0afcdf0ab2,,0
cf13ef0b-f1ef-46c9-9f9c-bc6ac141bea1,,0
cf1b14e2-42f5-4a72-a701-bae4bd2964fe,0.140625,0
cf1f4ef7-1fc0-43d0-a89c-f23434c24c4f,0.0914285714285714,0
cf6a3737-45d9-41ea-885f-caa57e1e68c9,0.079326923076923,0
cf6eb8b3-12ba-473f-ad99-c29a0655d96b,0.079326923076923,0
cfcb93a4-aef9-4c5d-81cf-d01d6d97769d,0.0974729241877256,0
cfe2160e-f9b8-4514-8e5d-ab0041d7416d,0.079326923076923,0
cfe780d1-3641-4f9c-be9f-cae9a41d7f23,0.1428571428571428,0
cfefbca3-051b-4ca2-aaf1-c7d3b317111c,0.0914285714285714,0
cff2c7c0-e19d-429c-b893-96440b156cb5,0.0914285714285714,0
d017f77f-49e1-4a58-a7bd-c676a0ba0915,0.25,0
d08eb34c-3a8d-4e23-a337-252f0da4f71a,0.0974729241877256,0
d0ca98e5-fd04-4c14-b1d3-03d43db61c8e,,0
d0d25bf2-cde8-46f0-b3f4-8a20ea7d84ad,0.0914285714285714,0
d1130a9e-1324-4b3a-9714-03e692096ed2,0.079326923076923,0
d15cdb0a-c434-4e47-8183-ec19519e8ab1,0.0833333333333333,0
d199ca6a-d852-44fb-879d-15521fbcd380,0.0232558139534883,0
d1ab5196-9884-493b-b674-bd8fbc9dbda1,0.1224489795918367,0
d1cf8f3b-d168-4534-8c7e-a8a6104ed392,0.079326923076923,0
d1e404c5-c017-466b-a2ce-3c5326391dee,0.1789473684210526,0
d20895fd-cc65-4b19-8d3c-86c2c54efd61,0.079326923076923,0
d24ddaf6-7c95-4733-a00f-0666ca6d269b,0.0625,0
d24ecc50-f645-4cd0-87b7-df50233ab80d,0.079326923076923,0
d29c8358-ce7a-42df-9260-04eff790ebc8,0.0974729241877256,0
d2ea9dfa-7660-45c4-b750-842df251bfdb,0.25,0
d2ec5cca-c023-471a-a4f3-eb7160b130a6,0.0833333333333333,0
d3129039-e5bc-4854-8cb2-b58376e2539f,0.0974729241877256,0
d31ed6e3-598b-480d-b6fd-ddba7e61fa6e,0.0862068965517241,1
d34b2f28-9608-49bc-9038-9ce872cd928d,0.0833333333333333,0
d3530b60-e242-447b-b1a0-1c3c43e71bd1,0.0232558139534883,0
d3543c4c-8ce7-4283-a35d-e834d6c8b085,0.1789473684210526,1
d3aea636-886d-4b01-abef-b87b6544ec0d,0.0625,0
d41a3d55-605f-4f19-9f68-b73f4a001434,0.25,0
d47f6665-b0ee-46ac-8869-582d64bc4eaa,0.0974729241877256,0
d4bd71ed-b3a0-4f9e-a1bc-ee5e18284fc7,0.079326923076923,0
d4db4015-1194-4628-9da8-9196f2059cf7,0.0914285714285714,0
d4e8c5c6-0d3b-40dd-80f4-ff3a7a297b18,0.25,0
d551fa0d-8ca1-4396-a7f2-573fb996eb94,0.0914285714285714,1
d56c5a64-e362-44d8-aabd-489c6dd17b8d,0.0974729241877256,0
d59eabce-e35f-4acd-b209-2af95eee5d61,0.0914285714285714,0
d5b26ec4-fbaa-4a8e-988e-c66cd50d5317,0.079326923076923,0
d5baaa71-3f21-4d90-86a9-a6c5bf4fb4ae,,0
d5c639cb-6fe0-423e-9cb3-8331c19b5748,0.25,0
d6786dc5-7725-4421-a8c5-df199efd59e8,0.25,1
d67ddd55-d473-4dc1-bad6-77f8f3e667e1,0.0974729241877256,0
d690dff8-ed7e-4410-a0b7-1b9907b8e707,0.0914285714285714,0
d6b81e6d-9feb-409a-bc5a-7af757ff9045,0.0974729241877256,0
d72c88bc-692e-488d-8c93-104401cc6e10,0.0833333333333333,0
d75ba59b-6f47-4adf-8b38-d1f7d139dfed,0.140625,0
d797bfd8-e67b-4d1f-b115-90366aed0439,0.0833333333333333,0
d7b3c850-216e-4376-bf89-96c566b015c6,0.0914285714285714,0
d7f9ceea-7803-4c26-ad6b-2b5ea022f9d3,,0
d8550663-fd40-4302-bfdc-f4585d23cc3d,0.140625,0
d8843ddb-cbf4-4ae0-af4a-56ee0c74da13,0.079326923076923,0
d8ce5972-bf3e-420d-9f41-9050bb13a7b5,0.0974729241877256,0
d8d071b7-8d8d-400f-b625-e17d69bcf1eb,0.0689655172413793,0
d923a41b-74ce-4f14-83e3-3908542ffa3a,0.0689655172413793,0
d93d927d-65af-4c1c-b7e3-62dc3250f5da,0.079326923076923,0
d9832ddd-f9ad-4f65-b2cd-c007a9bfc2b7,0.1224489795918367,0
d9877d3f-0c23-4058-8087-2be3aef3b6eb,0.079326923076923,0
d9d59ade-caa5-4539-93ee-9aed20ab4447,0.0833333333333333,0
da2a8de8-4407-4cf7-8405-badea05eb7d0,,0
da59fcc1-4dc0-4674-93c6-836421532c4e,0.25,0
dae26a5b-1136-4b31-9237-84653ba69215,0.0974729241877256,0
dafb528a-c7bc-4744-9084-6161032e41b1,0.0974729241877256,0
db443310-f234-43d0-a283-f9b281bb297d,0.0833333333333333,0
db50301c-9c62-47ea-99fe-a16ca88d6141,0.140625,0
db5581d9-0903-4c36-9840-cc91c729263c,,0
db57012c-1d64-47df-9d84-bd2b6a541e40,0.079326923076923,1
db5c9fd8-3b46-4b22-96e9-cfb1ffe91bc5,0.0974729241877256,0
db842bab-ce1d-454d-85c5-4f20505b0a0d,0.0974729241877256,0
dbe3610b-0d3d-4723-991b-cd78ff94fe63,0.079326923076923,0
dc061dfc-eba0-4dbd-b2f1-f0ea6d4a48d8,0.079326923076923,0
dc08e4a2-6296-405a-8c7b-63bb54291dcf,0.0476190476190476,0
dc1be6ce-248f-475d-bb82-a5ebc63e9304,0.140625,1
dcb9ac13-c818-4b3a-b8d5-721f758a17d9,0.140625,1
dcd4da37-feed-4566-8388-a65cf5d66a12,0.0974729241877256,0
dcd8479e-1191-4382-823b-5b6ea9aff36f,0.1789473684210526,0
dcdb3fb8-8c57-4b08-b8a6-1490c566c0a0,0.1789473684210526,0
ddb18988-53a6-4eb6-bde5-48ceb728f170,0.079326923076923,1
ddb47afa-a0bd-4fa7-855b-56d16da0dfba,0.140625,0
ddc9d46d-f3f1-4e2e-bb20-f546c8b91737,0.0232558139534883,0
de1c5b77-5a21-49c2-b0c9-cebf340f670b,0.079326923076923,0
de9a0976-c34c-4422-986a-bf89d6f5e003,0.0833333333333333,1
dea47a59-f77b-4552-bff8-c449bbc73499,0.079326923076923,0
df0e268f-d29b-4856-bc08-7d63ad06bc23,0.0833333333333333,0
df2908bc-f0c6-4090-82f5-56974983346b,0.0914285714285714,0
df3e3ff3-6a8a-4cc3-aae4-6426e6a24387,0.079326923076923,0
df4eebb1-da23-4297-9990-f005b5b815ca,0.079326923076923,0
dff0edd1-49c1-4bb0-a461-6dc00112a41f,0.0914285714285714,0
e012b294-bd7c-42e8-b9f8-9529fd1fbf59,0.0974729241877256,0
e08fb48f-581b-46c8-8c43-dcf0339faffa,0.0833333333333333,0
e0e82a01-082d-42ab-8bcc-89bcbd77e36d,0.1789473684210526,1
e10d2113-2636-4304-ae91-0c6d190338e2,0.0974729241877256,0
e12f31f6-3caf-4014-a106-46cb7f4d4739,0.0862068965517241,1
e15f2547-a942-4506-bc0e-bddf672c7738,,0
e1ed5abd-c993-498e-aa22-9b12c67288fa,,0
e1f2fab4-4ffe-424a-b3d3-a5ee75ebf212,0.0833333333333333,0
e20b3689-52a5-4d24-8fa8-86051f8baebb,,0
e22408ca-2059-4374-9270-d6e7f19ac546,,0
e22890b6-97a6-4fd1-be3b-ba7085047e7c,0.140625,0
e231fb87-015d-4516-ace3-3390b648f51f,0.0833333333333333,0
e24d0a56-8b0f-4109-a43c-918698e908fa,,0
e259c481-107e-4d35-bb02-423546acbfa2,0.0476190476190476,0
e3744fed-12b8-4b07-933d-153d1a11f19a,0.1224489795918367,0
e3820b5c-0954-4d62-8ce8-80b9e9eaa703,0.1224489795918367,0
e3d18d28-de5b-4c6d-aa0a-aa8cb456316c,0.079326923076923,0
e3d5cdac-8c4c-4d55-b7ec-37746a1690f0,0.0833333333333333,0
e3fce715-55d8-486d-bbf6-ce7609742a98,0.0914285714285714,0
e40fc76c-d45e-4d8a-a685-2e4f4827f241,0.079326923076923,0
e418815a-e2eb-4ced-84fa-a1f0444475a6,0.0232558139534883,0
e4271ee0-51cc-46b2-a595-8433301106c9,0.079326923076923,0
e44a078e-b99a-4852-a71d-a9384f65f193,0.0833333333333333,0
e454a24a-db4b-4eeb-a858-07e00c5d0d77,0.079326923076923,0
e4654381-5599-4b69-92d7-e56e423431f6,0.079326923076923,0
e49d955b-5407-4e03-813a-e8cfda0fb028,0.079326923076923,0
e4ce9253-1b15-446a-85bb-0f711ae13db5,0.079326923076923,0
e4e247c3-e71d-4f60-8ed9-2ced04fef223,0.0689655172413793,1
e5249b03-6fc4-40bf-a4cb-13c1b6fe2aec,0.0689655172413793,0
e52cb6ab-d289-4ef3-8839-43a3736d3a58,0.1224489795918367,0
e55d2ce5-9714-4b4e-8004-5a059ad1027e,0.1789473684210526,0
e56692d5-980f-432d-9df9-d3466b3a4dd7,0.0914285714285714,0
e5868615-8cd1-442f-a7a1-ac05b5ecfa5a,0.0833333333333333,0
e5950f0d-6c08-4aca-a697-80e02d1bf976,0.0833333333333333,1
e5b02a98-c6b4-4071-93b4-009d994ce4f5,0.079326923076923,1
e5c83cf2-a872-4b59-acc1-508ec58529a8,0.079326923076923,0
e5d6bc26-4629-4d2a-a342-5ea4dd04a7fd,0.079326923076923,0
e5dd2f13-6b4f-423e-83ea-d35a6ac76d3c,0.079326923076923,0
e5e87bb8-b718-4764-a82e-d44f36688839,0.0974729241877256,0
e5fdfdc7-a3ba-462c-ae9d-baa30c77bb5f,0.0689655172413793,0
e62156b5-890e-4dec-a832-c9af89cfd566,0.0914285714285714,0
e664d528-233c-4cb7-ad6a-b23f8fc69b5c,0.0974729241877256,0
e667508b-f8e3-4671-8e77-2dab3133fdad,0.0974729241877256,0
e684ab26-ce22-4f8f-a013-5b1b90672a1d,0.0862068965517241,0
e686f8b6-2e83-4cab-8c0b-2bee87a3ed3d,0.0974729241877256,0
e7017545-220b-4095-b52e-04755dd5a0e4,0.0914285714285714,0
e742cb93-3493-4248-881b-a38e054e193a,0.0974729241877256,0
e78d29d4-7e23-4ddb-8e9d-ce5f7583b686,0.079326923076923,0
e7a24c90-b52d-45e3-ae3d-4bc127552c58,0.0914285714285714,0
e82dcdbe-7e0f-4e85-9ed2-8f375f61b31d,0.0232558139534883,0
e83831b6-1ee4-4ce2-ae2b-75fce46c0e41,0.140625,0
e8a57aec-d953-4123-af1d-ceb61adace59,,0
e8aeb388-3042-4b50-bca4-43ec76097c10,0.079326923076923,0
e8d92332-2bb6-45dd-9b29-11783f4dd1c4,0.079326923076923,0
e90cf1bb-f823-4e87-9e8f-083d0e0e11f2,0.079326923076923,0
e925ddbf-353f-4a47-887b-df5d791e137d,0.079326923076923,0
e957b5fe-eeb9-4e43-869b-51073e235fc0,0.079326923076923,0
e964eaed-b265-4e9a-89cb-f0b9a64b15b7,0.25,0
e9740b4c-0099-44f8-9464-e0a74b3efd4e,0.0833333333333333,0
e9894f2d-9b1a-4f31-b772-cc7fb287255a,0.0833333333333333,0
e9bb2be1-483a-4472-9507-8eb26ba0edeb,0.25,0
ea040fd5-d39a-4079-a454-f4f0410454fb,0.140625,1
ea0e12bd-338d-44ad-8d7a-d6a0962609b1,0.0974729241877256,0
ea2b6189-b838-4c28-b493-0e15dfaf0864,0.0232558139534883,0
ea76c2c6-b3cb-4824-866b-a308e5cd2d91,0.0914285714285714,0
eaa040ea-730a-4e42-a573-89072bdcbec0,0.0232558139534883,0
eabc185b-be0c-410c-8025-1cc94b252927,,0
eadc775f-a7cd-4629-9ed7-f7eafa7383f1,0.1224489795918367,0
eae737d0-f268-48d3-aae6-ad2d8396b4ef,0.0974729241877256,1
eaf44c3c-ae82-4a18-b5ba-576e48349e1c,0.0914285714285714,0
eaf9635b-6d0c-49d5-9348-4ddf87a6d874,0.079326923076923,0
eb27b462-2125-4992-8bc6-bf25131503e9,0.0974729241877256,0
eb49648b-544b-4250-abdb-4b7741cf1ec6,0.0914285714285714,0
ec01628a-1bf1-4ec1-878e-424ea04212b6,0.0689655172413793,0
ec09ecf3-864e-475b-8603-306e459863d1,0.0914285714285714,0
ec4d8385-7b0c-40c2-be8a-12ef0b1376ca,0.0914285714285714,1
ec9e0b40-f85d-419c-8f68-d49da0fa5da7,0.0974729241877256,0
ecbf9cdc-7f68-4dbc-a2a1-3fa8145fb475,0.1224489795918367,0
eccacfad-e621-4cc1-bab4-fe0bbf45360e,0.1224489795918367,0
ed00e452-4a35-4f21-8999-9309ab966f22,0.1789473684210526,0
ed578745-d4a8-4778-89e0-f4950dea0403,0.0914285714285714,0
ed78a834-a7e2-4d5d-8b92-12bc922f170b,0.079326923076923,0
ed95c9d7-91fa-4ef0-93d1-9b01527e8837,0.0914285714285714,0
edbf53e6-b4bc-44d3-84de-499758b73c1f,0.0914285714285714,0
ee04d187-6e79-4aa2-8443-1d0dea688df8,0.1428571428571428,0
ee302f56-43c0-4c2b-968e-c709256f7a72,0.0476190476190476,0
ee371251-30c7-4c2e-999c-420f49a72fbc,0.079326923076923,0
eea4ccf9-cb40-4a90-8566-8bea916a10d7,0.0914285714285714,0
eecbae52-61a5-4a88-a2c4-8da6744674ca,0.0833333333333333,0
ef087882-aedf-412f-882b-eb9b7276a7e5,0.1789473684210526,0
ef268003-da51-432a-9626-4807b1a643cc,0.0232558139534883,0
ef934957-5f66-4a8a-ba72-d92060db6cd6,0.0625,0
efce4894-9e62-41d4-9fa5-ab2d82642c13,0.079326923076923,0
f052ac66-0b28-47fb-89c7-8925dc3091f2,0.1224489795918367,0
f0611852-22d2-417b-a32d-81b67426eadf,,0
f0adb702-c6cd-4808-b749-95be3486d822,0.0914285714285714,0
f0c63ab0-0c61-49ea-9008-5e059363b962,0.079326923076923,0
f0ddbc71-e67b-4b22-b40e-ad08f8f7a6b7,0.0476190476190476,0
f0ecd4bc-c2c0-4183-9dcd-a52f63b670d9,0.0974729241877256,0
f10b89ba-9182-42ab-abc8-4ec385b38d68,,0
f140eff4-dcc0-4b25-abf3-860fc9fcefac,0.1224489795918367,0
f1671d7a-e64b-4d70-9117-14a01634afa3,0.0862068965517241,0
f1c46c74-1582-4f7f-bf35-48cfd3c97660,0.1789473684210526,1
f1d34e92-4372-495d-a322-345dc86cf79a,0.0914285714285714,0
f1ebaa0e-3b8a-42a3-9fc5-d71f13aeb4be,0.0974729241877256,1
f1ec35c8-c680-45ed-be41-ca7cf984ea9f,0.25,0
f243a2e2-c970-402f-9e35-f56367842c5d,0.079326923076923,0
f285b6ee-aac1-4704-ac13-ada32eff7ecd,0.1224489795918367,0
f28fe428-d553-41f3-9f49-bb92f24b123f,0.1224489795918367,0
f2906fe7-cadc-482b-9778-4ab72dbf0783,0.0974729241877256,0
f2941a99-119d-4f42-9dc2-fd556d9bd0cf,0.25,0
f2a912f2-7ff5-49ad-bf31-2c567f0c2f61,0.0914285714285714,0
f2afbd0f-3664-47b9-a361-dc2679667956,0.0914285714285714,0
f2bbfb82-ceca-4ff2-8eaf-1a8edc58221b,0.079326923076923,0
f354db40-6491-45c2-bfea-59192cc379b0,0.0833333333333333,0
f3611451-ef02-45d7-aa6b-751b2aa0ffb5,0.1224489795918367,0
f36156fd-bed5-4ae5-a52d-3be47aee6083,0.0974729241877256,0
f37e8819-5972-48f9-b1a2-2c16c6adbc26,0.140625,0
f3b809fd-2f32-484b-99ad-063af1d2e651,0.0974729241877256,1
f3c66344-8d18-4480-8026-b4fefe75f626,0.0914285714285714,0
f3eecc6b-c0a1-423a-9e82-3ad0d518e5e1,0.0914285714285714,0
f400ad17-3c61-4748-93a2-575b07b9139d,0.0833333333333333,0
f42b8900-58da-4fa1-86a0-7bdf77704e31,0.0862068965517241,0
f43122e5-a2a8-4c7b-a75d-a5ba1d4607b5,0.25,0
f474d59c-b469-4186-84c7-218f7cae3ac0,0.079326923076923,0
f4855882-454a-4b29-8bab-60eba5904af1,0.079326923076923,1
f490d172-1186-42ab-99dd-b570a4cc00bd,0.0914285714285714,0
f4a7f013-1fb9-4034-a201-741a381e3ea0,0.079326923076923,1
f4e7dd1f-397d-495f-b6ad-a1f58ec84a02,0.0974729241877256,0
f523ae0c-07a9-4dae-a845-6d576b9955f0,0.0833333333333333,1
f55c66fb-5c69-4587-a5eb-01c6a9484635,0.0974729241877256,0
f5902609-fa5d-4da5-9253-406ef59e8ba5,0.0974729241877256,1
f5e6a94d-5386-40ed-afd3-cf0bd397365a,0.1789473684210526,0
f64d1093-de4c-44c8-b921-043815388789,0.25,1
f65616fe-57fb-406d-8d4b-1e804ec0100a,0.1224489795918367,1
f6be2e15-08b7-49fb-b7d2-a809983affc6,0.079326923076923,0
f6d4ebe0-23b7-43b6-9409-36e624ac76b3,0.140625,0
f6f34b84-e9a5-4d79-8d4e-586f51c79cea,0.079326923076923,0
f702e7e0-bf8a-4987-b570-c5ab7edb2996,0.0914285714285714,0
f70a6113-bd74-45a6-bf18-79e265cf6248,0.0914285714285714,0
f71cca7e-7bee-425b-bf71-f082a6f06ca4,0.0862068965517241,0
f76571c9-4632-4366-b425-bc8300f05cac,0.0862068965517241,0
f771bb12-4e4c-4541-b5c6-3a837bf2c51b,0.0833333333333333,0
f7abcb57-5c30-40f6-b9d3-4f6e8d3a0905,0.140625,0
f7c4e3a2-8885-42d1-add0-8e6ab8146cb3,0.0833333333333333,0
f7c8fbcf-f310-488a-be8e-01eba3c770f8,0.0914285714285714,1
f7efd97a-a8d9-4be5-b235-90108fca57e3,0.0974729241877256,0
f814aeba-fb35-4514-9fa1-fc106b7c2d50,0.0476190476190476,1
f8152ed1-e403-4ff4-866b-e9dadf8fe220,0.0914285714285714,0
f8379059-e648-40df-af65-238e9c6daadf,0.079326923076923,0
f841169e-7042-4c32-b945-f51e3d4c8931,0.079326923076923,0
f84b750e-ec87-429e-b021-c077ad81ffd4,0.0232558139534883,0
f8fce6ac-439b-4f3a-a931-e2175c3a3b72,0.25,0
f9444196-d2c3-4ef5-bf6a-eee7e49c73f1,0.0974729241877256,0
f9747517-c066-496a-a476-4418bea9164a,0.0914285714285714,1
f99491cb-4dfe-44cb-b297-435b16d15929,0.0833333333333333,0
f9d2627e-cf49-4537-8381-6566ecf92eef,0.0974729241877256,0
fa0c2aef-174a-4bed-8423-1a3e99b12730,0.079326923076923,0
fa195d87-a50e-4dcd-aeb7-baf9574517ea,0.079326923076923,0
fa23fb37-d37b-4712-9544-6bacb792df8a,0.1789473684210526,0
fa6c3dee-ea57-4d86-8b8f-4ce4a8fa0350,0.0914285714285714,0
faaa3cd3-d328-49be-b917-cea317b35e12,0.079326923076923,0
faabe8eb-4f5b-4c99-95df-74468cacd35b,0.0232558139534883,0
fabe9451-5479-46d5-ac5c-37b14ec3a8aa,0.0914285714285714,0
fb330f4e-5d72-4c30-9636-3d4a0738f551,0.0914285714285714,0
fb362486-3244-4871-bff8-212bb0d3ad55,0.0833333333333333,0
fb42669f-c902-4f99-9c7a-7c460f3689a5,0.0689655172413793,0
fb5ce1d1-ae08-4da0-9b61-ab9a74431adc,,0
fb81ceec-40f4-4679-a6ae-376181618584,0.079326923076923,0
fb90d221-94bd-41dd-a0f0-c8a6c180affc,,0
fb933fe4-2190-473d-8078-426e469df78e,0.079326923076923,0
fbbd2267-6145-43d9-836c-f1c0b2bd304a,0.0914285714285714,0
fbbec9c5-f6d8-4a08-9c9b-1036f556cfac,0.079326923076923,0
fc0296a5-2cde-4c2b-bb0d-0377e8935032,0.079326923076923,0
fc144e79-fb8f-4036-bc95-088478515d90,0.0974729241877256,0
fc3305b4-1c5c-41b1-b2d5-7ef3122ec96a,0.0689655172413793,0
fc3f4ca1-b00a-4c7f-92d0-0ee452a80d6a,0.079326923076923,0
fc509376-eddd-4daa-bf1c-55ccbd2b10ca,0.1224489795918367,0
fc7a38ad-cf18-4a95-ae65-24baed56017c,0.1789473684210526,0
fc888c05-4251-4ed6-982e-9d616094c999,0.079326923076923,0
fcb93274-d181-49c5-9b88-4578515cf00c,0.0833333333333333,0
fcc54284-570f-4ac4-8029-97ac4a9c72e6,0.0974729241877256,0
fd100a70-48bc-4a93-b416-48410376dabf,0.0833333333333333,0
fd1a2ba0-3fb1-4cc5-9e9b-29a6441ed937,0.079326923076923,0
fd2274e5-b5ae-45b4-9a44-73cc5c2eeee6,0.0232558139534883,0
fd63468d-b5fe-4920-921c-5c59e56ac3d2,,0
fd7dddfa-77a8-4d21-999c-a59be1806a69,0.079326923076923,0
fde06a61-8e3a-461c-8a24-12a7ca2f92d5,0.140625,1
fde5fead-9492-4e91-b611-c75d52fe3c6e,0.0914285714285714,0
fdfc7465-5651-4e06-8df4-03fd770d077d,0.25,0
fe58761c-de75-42f2-be27-cba9fad1e64b,0.079326923076923,1
fe830dfc-69c3-47fe-ac1b-6c3991c49265,0.079326923076923,0
fe983c67-d649-4279-ac21-89ce434bddf1,0.079326923076923,0
fec976ac-1561-49a5-8cf1-b853d09eb076,0.0833333333333333,0
fed4fb71-5ff2-419b-956c-f11bd02454f4,0.1789473684210526,0
ff174268-ca5d-4fb3-a456-c3374070636d,0.0974729241877256,0
ff4a956d-f05e-4fbe-aceb-1bea05611f97,0.0833333333333333,0
ff83642f-6b76-460b-a273-9bdfa37ee447,0.0914285714285714,0
ffc49531-0b76-4a0b-b708-06185a7e1f6b,0.0833333333333333,1
