policy_id,policy
0,Films with complex narratives and deep character development are more likely to be nominated.
1,Films that explore profound themes or societal issues often receive nominations.
2,"Innovative storytelling techniques, such as non-linear timelines or unique perspectives, can lead to nominations."
3,"Films featuring compelling performances by actors, especially in challenging roles, increase the likelihood of nominations."
4,High production values and visually stunning cinematography are factors that contribute to award recognition.
5,"Themes of redemption, personal growth, and overcoming adversity are frequently recognized in awards ceremonies."
6,Films with strong ensemble casts or standout supporting characters can enhance their chances of being nominated.
7,Original music scores that significantly impact the film's emotional resonance often lead to nominations.
8,Films that address contemporary issues or offer fresh takes on classic genres tend to be more successful in gaining nominations.
9,"Incorporating elements of fantasy, science fiction, or horror can add a unique dimension that attracts award attention."
